dataset_name;a;a;a;obj_1;duration_1;obj_2;duration_2;obj_3;duration_3;obj_4;duration_4;obj_5;duration_5;best;gap_1;gap_2;gap_3;gap_4;gap_5;average_gap;avg_avg_gap;duration_1;duration_2;duration_3;duration_4;duration_5;
115rat575_v2_p1;115rat575_;v2_;p1;528;26,04;526;26;527;24;525;20;526;22,89;528;0;0,003787879;0,001893939;0,005681818;0,003787879;0,003030303;0,001745526;26,044;0;0;0;0;26,044
115u574_v2_p1;115u574_;v2_;p1;557;33,90;558;29;559;26;556;30,856;558;28,63;559;0,003577818;0,001788909;0;0,005366726;0,001788909;0,002504472;;0;0;26,214;0;0;26,214
11berlin52_v2_p1;11berlin52_;v2_;p1;47;28,30;47;32,424;47;33,748;47;26,369;47;28,41;47;0;0;0;0;0;0;;28,297;32,424;33,748;26,369;28,405;29,8486
11eil51_v2_p1;11eil51_;v2_;p1;43;30,15;43;29,249;43;30,292;43;25,333;43;31,49;43;0;0;0;0;0;0;;30,153;29,249;30,292;25,333;31,486;29,3026
131p654_v2_p1;131p654_;v2_;p1;590;19,91;591;31;591;21;591;32;591;19,20;591;0,001692047;0;0;0;0;0,000338409;;0;30,834;21,209;32,233;19,202;25,8695
132d657_v2_p1;132d657_;v2_;p1;602;19,57;599;33;596;29;596;41;598;22,59;602;0;0,004983389;0,009966777;0,009966777;0,006644518;0,006312292;;19,571;0;0;0;0;19,571
145u724_v2_p1;145u724_;v2_;p1;689;16,73;689;20;689;17;692;21;693;19,09;693;0,005772006;0,005772006;0,005772006;0,001443001;0;0,003751804;;0;0;0;0;19,093;19,093
14st70_v2_p1;14st70_;v2_;p1;56;16,79;56;20,374;56;22,373;56;23,058;56;19,83;56;0;0;0;0;0;0;;16,792;20,374;22,373;23,058;19,825;20,4844
157rat783_v2_p1;157rat783_;v2_;p1;734;25,57;732;27;735;27;732;26;736;18,38;736;0,002717391;0,005434783;0,001358696;0,005434783;0;0,00298913;;0;0;0;0;18,379;18,379
16eil76_v2_p1;16eil76_;v2_;p1;64;20,70;64;16,358;64;21,563;64;24,859;64;22,46;64;0;0;0;0;0;0;;20,696;16,358;21,563;24,859;22,457;21,1866
16pr76_v2_p1;16pr76_;v2_;p1;68;12,66;68;12,014;68;13,232;68;13,402;68;13,58;68;0;0;0;0;0;0;;12,66;12,014;13,232;13,402;13,575;12,9766
201pr1002_v2_p1;201pr1002_;v2_;p1;973;14,40;973;16;970;15;975;13;968;14,31;975;0,002051282;0,002051282;0,005128205;0;0,007179487;0,003282051;;0;0;0;12,757;0;12,757
20kroA100_v2_p1;20kroA100_;v2_;p1;83;0,03;83;0,03;83;0,03;83;0,03;83;0,03;83;0;0;0;0;0;0;;0,031;0,03;0,03;0,03;0,03;0,0302
20kroB100_v2_p1;20kroB100_;v2_;p1;80;0,03;80;0,03;80;0,03;80;0,031;80;0,03;80;0;0;0;0;0;0;;0,031;0,03;0,03;0,031;0,031;0,0306
20kroC100_v2_p1;20kroC100_;v2_;p1;75;0,04;75;0,038;75;0,038;75;0,038;75;0,04;75;0;0;0;0;0;0;;0,039;0,038;0,038;0,038;0,038;0,0382
20kroD100_v2_p1;20kroD100_;v2_;p1;75;0,04;75;0,039;75;0,039;75;0,039;75;0,04;75;0;0;0;0;0;0;;0,039;0,039;0,039;0,039;0,038;0,0388
20kroE100_v2_p1;20kroE100_;v2_;p1;66;0,05;66;0,048;66;0,049;66;0,049;66;0,05;66;0;0;0;0;0;0;;0,048;0,048;0,049;0,049;0,047;0,0482
20rat99_v2_p1;20rat99_;v2_;p1;53;0,05;53;0,049;53;0,05;53;0,05;53;0,05;53;0;0;0;0;0;0;;0,05;0,049;0,05;0,05;0,05;0,0498
20rd100_v2_p1;20rd100_;v2_;p1;81;0,03;81;0,032;81;0,032;81;0,032;81;0,03;81;0;0;0;0;0;0;;0,032;0,032;0,032;0,032;0,032;0,032
212u1060_v2_p1;212u1060_;v2_;p1;1054;0,03;1053;0;1052;0;1053;0;1053;0,03;1054;0;0,000948767;0,001897533;0,000948767;0,000948767;0,000948767;;0,033;0;0;0;0;0,033
217vm1084_v2_p1;217vm1084_;v2_;p1;1067;0,04;1068;0;1071;0;1066;0,041;1066;0,04;1071;0,003734827;0,00280112;0;0,004668534;0,004668534;0,003174603;;0;0;0,041;0;0;0,041
21eil101_v2_p1;21eil101_;v2_;p1;93;0,04;93;0,042;93;0,042;93;0,041;93;0,04;93;0;0;0;0;0;0;;0,043;0,042;0,042;0,041;0,04;0,0416
21lin105_v2_p1;21lin105_;v2_;p1;73;0,05;73;0,048;73;0,049;73;0,048;73;0,05;73;0;0;0;0;0;0;;0,049;0,048;0,049;0,048;0,048;0,0484
22pr107_v2_p1;22pr107_;v2_;p1;53;0,05;53;0,05;53;0,049;53;0,05;53;0,05;53;0;0;0;0;0;0;;0,05;0,05;0,049;0,05;0,05;0,0498
25pr124_v2_p1;25pr124_;v2_;p1;97;22,66;97;24,015;97;27,463;97;23,566;97;24,88;97;0;0;0;0;0;0;;22,66;24,015;27,463;23,566;24,882;24,5172
26bier127_v2_p1;26bier127_;v2_;p1;124;34,28;124;33,376;124;28,585;124;31,158;124;34,95;124;0;0;0;0;0;0;;34,277;33,376;28,585;31,158;34,946;32,4684
26ch130_v2_p1;26ch130_;v2_;p1;116;27,44;116;24,045;117;27,239;117;24,392;117;28,25;117;0,008547009;0,008547009;0;0;0;0,003418803;;0;0;27,239;24,392;28,248;26,62633333
28pr136_v2_p1;28pr136_;v2_;p1;103;43,99;103;40,469;103;46,458;103;44,44;103;46,69;103;0;0;0;0;0;0;;43,989;40,469;46,458;44,44;46,688;44,4088
29pr144_v2_p1;29pr144_;v2_;p1;112;26,33;112;28,003;112;26,661;112;30,72;112;27,42;112;0;0;0;0;0;0;;26,329;28,003;26,661;30,72;27,418;27,8262
30ch150_v2_p1;30ch150_;v2_;p1;123;30,52;123;30,551;123;26,062;123;30,858;123;26,75;123;0;0;0;0;0;0;;30,521;30,551;26,062;30,858;26,748;28,948
30kroA150_v2_p1;30kroA150_;v2_;p1;128;40,96;128;34,208;128;32,127;128;39,694;128;29,88;128;0;0;0;0;0;0;;40,963;34,208;32,127;39,694;29,88;35,3744
30kroB150_v2_p1;30kroB150_;v2_;p1;136;43,99;136;51,575;136;53,778;136;35,824;136;50,83;136;0;0;0;0;0;0;;43,991;51,575;53,778;35,824;50,826;47,1988
31pr152_v2_p1;31pr152_;v2_;p1;110;26,67;110;31,279;110;40,838;110;35,693;110;27,10;110;0;0;0;0;0;0;;26,671;31,279;40,838;35,693;27,097;32,3156
32u159_v2_p1;32u159_;v2_;p1;127;36,21;127;35,351;127;43,562;127;43,638;127;36,96;127;0;0;0;0;0;0;;36,214;35,351;43,562;43,638;36,964;39,1458
39rat195_v2_p1;39rat195_;v2_;p1;133;34,71;133;34,46;133;28,513;133;37,559;133;29,01;133;0;0;0;0;0;0;;34,711;34,46;28,513;37,559;29,01;32,8506
40d198_v2_p1;40d198_;v2_;p1;125;32,65;125;31,269;125;35,519;125;42,845;125;37,43;125;0;0;0;0;0;0;;32,647;31,269;35,519;42,845;37,426;35,9412
40kroa200_v2_p1;40kroa200_;v2_;p1;186;32,98;187;38;187;37;186;31,823;185;45,62;187;0,005347594;0;0;0,005347594;0,010695187;0,004278075;;0;38,087;36,915;0;0;37,501
40krob200_v2_p1;40krob200_;v2_;p1;177;46,90;177;49,078;177;37,426;177;48,936;177;43,70;177;0;0;0;0;0;0;;46,901;49,078;37,426;48,936;43,695;45,2072
45ts225_v2_p1;45ts225_;v2_;p1;196;63,77;196;50;197;61;196;57;196;49,46;197;0,005076142;0,005076142;0;0,005076142;0,005076142;0,004060914;;0;0;60,966;0;0;60,966
45tsp225_v2_p1;45tsp225_;v2_;p1;168;49,89;168;70;168;57;168;54;168;68,52;168;0;0;0;0;0;0;;49,893;70,429;57,175;53,885;68,523;59,981
46pr226_v2_p1;46pr226_;v2_;p1;179;25,09;179;25;179;26;179;25;179;27,07;179;0;0;0;0;0;0;;25,088;25,177;25,974;24,792;27,07;25,6202
53gil262_v2_p1;53gil262_;v2_;p1;219;25,29;220;24;219;25;219;25;219;30,87;220;0,004545455;0;0,004545455;0,004545455;0,004545455;0,003636364;;0;24,455;0;0;0;24,455
53pr264_v2_p1;53pr264_;v2_;p1;189;0,06;189;0;189;0;189;0;189;0,06;189;0;0;0;0;0;0;;0,058;0,058;0,058;0,057;0,057;0,0576
56a280_v2_p1;56a280_;v2_;p1;199;0,06;203;0;202;0;206;0;200;0,06;206;0,033980583;0,014563107;0,019417476;0;0,029126214;0,019417476;;0;0;0;0,058;0;0,058
60pr299_v2_p1;60pr299_;v2_;p1;206;0,08;206;0;206;0;206;0;206;0,07;206;0;0;0;0;0;0;;0,075;0,075;0,075;0,073;0,073;0,0742
64lin318_v2_p1;64lin318_;v2_;p1;295;0,08;298;0;297;0;297;0,076;295;0,08;298;0,010067114;0;0,003355705;0,003355705;0,010067114;0,005369128;;0;0,075;0;0;0;0,075
80rd400_v2_p1;80rd400_;v2_;p1;392;0,09;393;0;392;0;393;0;392;0,09;393;0,002544529;0;0,002544529;0;0,002544529;0,001526718;;0;0,092;0;0,093;0;0,0925
84fl417_v2_p1;84fl417_;v2_;p1;368;0,09;368;0;369;0;368;0;370;0,09;370;0,005405405;0,005405405;0,002702703;0,005405405;0;0,003783784;;0;0;0;0;0,091;0,091
88pr439_v2_p1;88pr439_;v2_;p1;423;63,65;423;44;427;65;424;51;430;61,08;430;0,01627907;0,01627907;0,006976744;0,013953488;0;0,010697674;;0;0;0;0;61,077;61,077
89pcb442_v2_p1;89pcb442_;v2_;p1;418;63,57;418;72;420;67;416;79;418;88,40;420;0,004761905;0,004761905;0;0,00952381;0,004761905;0,004761905;;0;0;66,528;0;0;66,528
99d493_v2_p1;99d493_;v2_;p1;459;72,52;460;82;459;82;459;58,891;459;70,13;460;0,002173913;0;0,002173913;0,002173913;0,002173913;0,00173913;;0;81,587;0;0;0;81,587
115rat575_v3_p1;115rat575_;v3_;p1;506;89,32;505;65;508;69;506;57;508;72,09;508;0,003937008;0,005905512;0;0,003937008;0;0,002755906;0,000970984;0;0;68,517;0;72,087;70,302
115u574_v3_p1;115u574_;v3_;p1;556;48,05;557;42,504;557;47;557;52;557;62,23;557;0,001795332;0;0;0;0;0,000359066;;0;42,504;46,937;52,264;62,232;50,98425
11berlin52_v3_p1;11berlin52_;v3_;p1;44;40,23;44;49,833;44;44,566;44;50,927;44;63,14;44;0;0;0;0;0;0;;40,231;49,833;44,566;50,927;63,143;49,74
11eil51_v3_p1;11eil51_;v3_;p1;45;0,09;45;0,091;45;0,095;45;0,082;45;0,09;45;0;0;0;0;0;0;;0,09;0,091;0,095;0,082;0,092;0,09
131p654_v3_p1;131p654_;v3_;p1;507;0,10;507;0;507;0;506;0;507;0,10;507;0;0;0;0,001972387;0;0,000394477;;0,097;0,088;0,091;0;0,097;0,09325
132d657_v3_p1;132d657_;v3_;p1;570;0,09;568;0;569;0;570;0;568;0,09;570;0;0,003508772;0,001754386;0;0,003508772;0,001754386;;0,091;0;0;0,086;0;0,0885
145u724_v3_p1;145u724_;v3_;p1;710;0,10;708;0;707;0;709;0;708;0,09;710;0;0,002816901;0,004225352;0,001408451;0,002816901;0,002253521;;0,101;0;0;0;0;0,101
14st70_v3_p1;14st70_;v3_;p1;49;0,11;49;0,107;49;0,103;49;0,103;49;0,10;49;0;0;0;0;0;0;;0,106;0,107;0,103;0,103;0,103;0,1044
157rat783_v3_p1;157rat783_;v3_;p1;737;0,11;734;0;743;0;738;0;740;0,11;743;0,00807537;0,012113055;0;0,006729475;0,004037685;0,006191117;;0;0;0,103;0;0;0,103
16eil76_v3_p1;16eil76_;v3_;p1;60;0,07;60;0,073;60;0,073;60;0,07;60;0,07;60;0;0;0;0;0;0;;0,072;0,073;0,073;0,07;0,072;0,072
16pr76_v3_p1;16pr76_;v3_;p1;63;0,08;63;0,074;63;0,078;63;0,081;63;0,08;63;0;0;0;0;0;0;;0,083;0,074;0,078;0,081;0,081;0,0794
201pr1002_v3_p1;201pr1002_;v3_;p1;996;0,09;995;0;995;0;994;0;992;0,09;996;0;0,001004016;0,001004016;0,002008032;0,004016064;0,001606426;;0,093;0;0;0;0;0,093
20kroA100_v3_p1;20kroA100_;v3_;p1;80;0,09;80;0,089;80;0,086;80;0,087;80;0,09;80;0;0;0;0;0;0;;0,089;0,089;0,086;0,087;0,086;0,0874
20kroB100_v3_p1;20kroB100_;v3_;p1;72;0,11;72;0,108;72;0,107;72;0,107;72;0,11;72;0;0;0;0;0;0;;0,114;0,108;0,107;0,107;0,109;0,109
20kroC100_v3_p1;20kroC100_;v3_;p1;71;0,11;71;0,115;71;0,115;71;0,116;71;0,11;71;0;0;0;0;0;0;;0,111;0,115;0,115;0,116;0,114;0,1142
20kroD100_v3_p1;20kroD100_;v3_;p1;64;108,90;64;80,589;64;97,605;64;99,448;64;121,35;64;0;0;0;0;0;0;;108,899;80,589;97,605;99,448;121,346;101,5774
20kroE100_v3_p1;20kroE100_;v3_;p1;63;92,46;63;117,5;63;118,275;63;125,252;63;135,55;63;0;0;0;0;0;0;;92,459;117,5;118,275;125,252;135,553;117,8078
20rat99_v3_p1;20rat99_;v3_;p1;49;118,93;49;86,031;49;81,529;49;106,263;49;89,35;49;0;0;0;0;0;0;;118,925;86,031;81,529;106,263;89,348;96,4192
20rd100_v3_p1;20rd100_;v3_;p1;67;91,25;67;128,564;67;99,503;67;72,844;67;138,02;67;0;0;0;0;0;0;;91,247;128,564;99,503;72,844;138,017;106,035
212u1060_v3_p1;212u1060_;v3_;p1;1058;53,85;1058;55;1058;54;1057;53,755;1058;54,99;1058;0;0;0;0,00094518;0;0,000189036;;53,852;54,81;54,365;0;54,986;54,50325
217vm1084_v3_p1;217vm1084_;v3_;p1;1083;54,31;1083;55;1083;56;1083;54;1083;55,54;1083;0;0;0;0;0;0;;54,314;55,287;55,772;54,46;55,542;55,075
21eil101_v3_p1;21eil101_;v3_;p1;90;0,16;91;0,138;91;0,217;90;0,168;91;0,22;91;0,010989011;0;0;0,010989011;0;0,004395604;;0;0,138;0,217;0;0,22;0,191666667
21lin105_v3_p1;21lin105_;v3_;p1;59;0,21;59;0,208;59;0,176;59;0,214;59;0,22;59;0;0;0;0;0;0;;0,214;0,208;0,176;0,214;0,217;0,2058
22pr107_v3_p1;22pr107_;v3_;p1;41;0,19;41;0,197;41;0,192;41;0,19;41;0,21;41;0;0;0;0;0;0;;0,187;0,197;0,192;0,19;0,209;0,195
25pr124_v3_p1;25pr124_;v3_;p1;90;0,22;90;0,224;90;0,167;90;0,179;90;0,25;90;0;0;0;0;0;0;;0,217;0,224;0,167;0,179;0,254;0,2082
26bier127_v3_p1;26bier127_;v3_;p1;125;0,20;125;0,187;125;0,189;125;0,187;125;0,19;125;0;0;0;0;0;0;;0,198;0,187;0,189;0,187;0,189;0,19
26ch130_v3_p1;26ch130_;v3_;p1;122;0,19;122;0,188;122;0,194;122;0,194;122;0,19;122;0;0;0;0;0;0;;0,192;0,188;0,194;0,194;0,193;0,1922
28pr136_v3_p1;28pr136_;v3_;p1;90;0,15;90;0,141;90;0,138;90;0,137;90;0,14;90;0;0;0;0;0;0;;0,145;0,141;0,138;0,137;0,137;0,1396
29pr144_v3_p1;29pr144_;v3_;p1;103;0,15;103;0,139;103;0,146;103;0,145;103;0,14;103;0;0;0;0;0;0;;0,147;0,139;0,146;0,145;0,14;0,1434
30ch150_v3_p1;30ch150_;v3_;p1;111;0,21;111;0,218;111;0,177;111;0,194;111;0,17;111;0;0;0;0;0;0;;0,214;0,218;0,177;0,194;0,174;0,1954
30kroA150_v3_p1;30kroA150_;v3_;p1;125;0,17;125;0,179;125;0,165;125;0,215;125;0,18;125;0;0;0;0;0;0;;0,168;0,179;0,165;0,215;0,178;0,181
30kroB150_v3_p1;30kroB150_;v3_;p1;130;0,19;130;0,188;130;0,185;130;0,182;130;0,19;130;0;0;0;0;0;0;;0,189;0,188;0,185;0,182;0,186;0,186
31pr152_v3_p1;31pr152_;v3_;p1;96;0,19;96;0,189;96;0,188;96;0,185;96;0,18;96;0;0;0;0;0;0;;0,187;0,189;0,188;0,185;0,184;0,1866
32u159_v3_p1;32u159_;v3_;p1;107;0,15;107;0,147;107;0,146;107;0,142;107;0,14;107;0;0;0;0;0;0;;0,15;0,147;0,146;0,142;0,141;0,1452
39rat195_v3_p1;39rat195_;v3_;p1;122;0,17;122;0,151;122;0,157;122;0,163;122;0,16;122;0;0;0;0;0;0;;0,165;0,151;0,157;0,163;0,156;0,1584
40d198_v3_p1;40d198_;v3_;p1;94;0,17;94;0,168;94;0,17;94;0,167;94;0,17;94;0;0;0;0;0;0;;0,172;0,168;0,17;0,167;0,17;0,1694
40kroa200_v3_p1;40kroa200_;v3_;p1;182;0,17;182;0;182;0,167;182;0,164;180;0,17;182;0;0;0;0;0,010989011;0,002197802;;0,172;0,175;0,167;0,164;0;0,1695
40krob200_v3_p1;40krob200_;v3_;p1;170;0,19;170;0,193;170;0;170;0;170;0,19;170;0;0;0;0;0;0;;0,19;0,193;0,191;0,19;0,191;0,191
45ts225_v3_p1;45ts225_;v3_;p1;179;0,20;179;0;179;0;179;0;179;0,19;179;0;0;0;0;0;0;;0,198;0,19;0,194;0,194;0,19;0,1932
45tsp225_v3_p1;45tsp225_;v3_;p1;150;0,16;148;0;147;0;148;0;148;0,15;150;0;0,013333333;0,02;0,013333333;0,013333333;0,012;;0,156;0;0;0;0;0,156
46pr226_v3_p1;46pr226_;v3_;p1;158;0,16;158;0;158;0;158;0;158;0,16;158;0;0;0;0;0;0;;0,155;0,155;0,147;0,147;0,164;0,1536
53gil262_v3_p1;53gil262_;v3_;p1;195;0,17;193;0;195;0;195;0;195;0,17;195;0;0,01025641;0;0;0;0,002051282;;0,174;0;0,182;0,181;0,174;0,17775
53pr264_v3_p1;53pr264_;v3_;p1;131;0,21;131;0;131;0,179;131;0;131;0,17;131;0;0;0;0;0;0;;0,206;0,175;0,179;0,175;0,174;0,1818
56a280_v3_p1;56a280_;v3_;p1;179;0,20;179;0;179;0;179;0,197;179;0,20;179;0;0;0;0;0;0;;0,202;0,195;0,199;0,197;0,2;0,1986
60pr299_v3_p1;60pr299_;v3_;p1;172;0,20;172;0;172;0;172;0;172;0,20;172;0;0;0;0;0;0;;0,203;0,197;0,202;0,199;0,196;0,1994
64lin318_v3_p1;64lin318_;v3_;p1;291;0,14;291;0;292;0;292;0;291;0,13;292;0,003424658;0,003424658;0;0;0,003424658;0,002054795;;0;0;0,134;0,132;0;0,133
80rd400_v3_p1;80rd400_;v3_;p1;398;0,14;398;0;398;0;398;0;398;0,14;398;0;0;0;0;0;0;;0,142;0,139;0,14;0,14;0,139;0,14
84fl417_v3_p1;84fl417_;v3_;p1;318;0,16;317;0;317;0;319;0;318;0,15;319;0,003134796;0,006269592;0,006269592;0;0,003134796;0,003761755;;0;0;0;0,154;0;0,154
88pr439_v3_p1;88pr439_;v3_;p1;428;0,16;428;0;428;0;428;0;429;0,16;429;0,002331002;0,002331002;0,002331002;0,002331002;0;0,001864802;;0;0;0;0;0,158;0,158
89pcb442_v3_p1;89pcb442_;v3_;p1;426;0,20;425;0;424;0,196;424;0;424;0,19;426;0;0,002347418;0,004694836;0,004694836;0,004694836;0,003286385;;0,196;0;0;0;0;0,196
99d493_v3_p1;99d493_;v3_;p1;415;0,19;415;0;414;0;415;0;416;0,18;416;0,002403846;0,002403846;0,004807692;0,002403846;0;0,002403846;;0;0;0;0;0,181;0,181
115rat575_v4_p1;115rat575_;v4_;p1;537;0,13;538;0;536;0;534;0;538;0,14;538;0,001858736;0;0,003717472;0,007434944;0;0,00260223;0,000211488;0;0,129;0;0;0,137;0,133
115u574_v4_p1;115u574_;v4_;p1;571;0,14;571;0;571;0;571;0;571;0,13;571;0;0;0;0;0;0;;0,137;0,139;0,139;0,138;0,134;0,1374
11berlin52_v4_p1;11berlin52_;v4_;p1;46;0,15;46;0,154;46;0,151;46;0,149;46;0,15;46;0;0;0;0;0;0;;0,153;0,154;0,151;0,149;0,149;0,1512
11eil51_v4_p1;11eil51_;v4_;p1;45;0,17;45;0,162;45;0,161;45;0,156;45;0,16;45;0;0;0;0;0;0;;0,165;0,162;0,161;0,156;0,157;0,1602
131p654_v4_p1;131p654_;v4_;p1;516;0,18;516;0;516;0;516;0,174;516;0,18;516;0;0;0;0;0;0;;0,176;0,176;0,174;0,174;0,177;0,1754
132d657_v4_p1;132d657_;v4_;p1;613;0,18;615;0,177;614;0;616;0;614;0,18;616;0,00487013;0,001623377;0,003246753;0;0,003246753;0,002597403;;0;0;0;0,18;0;0,18
145u724_v4_p1;145u724_;v4_;p1;723;0,13;723;0;723;0;723;0;723;0,14;723;0;0;0;0;0;0;;0,134;0,132;0,135;0,134;0,135;0,134
14st70_v4_p1;14st70_;v4_;p1;50;0,14;50;0,147;50;0,141;50;0,139;50;0,14;50;0;0;0;0;0;0;;0,143;0,147;0,141;0,139;0,142;0,1424
157rat783_v4_p1;157rat783_;v4_;p1;781;0,18;782;0;780;0;782;0;782;0,17;782;0,001278772;0;0,002557545;0;0;0,000767263;;0;0,162;0;0,169;0,167;0,166
16eil76_v4_p1;16eil76_;v4_;p1;65;0,17;65;0,173;65;0,166;65;0,165;65;0,18;65;0;0;0;0;0;0;;0,174;0,173;0,166;0,165;0,18;0,1716
16pr76_v4_p1;16pr76_;v4_;p1;66;0,19;66;0,186;66;0,185;66;0,184;66;0,19;66;0;0;0;0;0;0;;0,185;0,186;0,185;0,184;0,185;0,185
201pr1002_v4_p1;201pr1002_;v4_;p1;1001;0,19;1001;0,193;1001;0;1001;0;1001;0,19;1001;0;0;0;0;0;0;;0,194;0,193;0,195;0,19;0,194;0,1932
20kroA100_v4_p1;20kroA100_;v4_;p1;83;79,62;83;99,163;83;86,176;83;92,982;83;82,24;83;0;0;0;0;0;0;;79,616;99,163;86,176;92,982;82,239;88,0352
20kroB100_v4_p1;20kroB100_;v4_;p1;74;122,59;74;94,35;74;149,681;74;144,387;74;126,61;74;0;0;0;0;0;0;;122,591;94,35;149,681;144,387;126,608;127,5234
20kroC100_v4_p1;20kroC100_;v4_;p1;71;84,54;71;86,619;71;89,819;71;68,82;71;76,85;71;0;0;0;0;0;0;;84,544;86,619;89,819;68,82;76,85;81,3304
20kroD100_v4_p1;20kroD100_;v4_;p1;67;117,24;67;138,552;67;85,823;67;101,608;67;99,27;67;0;0;0;0;0;0;;117,239;138,552;85,823;101,608;99,266;108,4976
20kroE100_v4_p1;20kroE100_;v4_;p1;66;64,50;66;65,037;66;65,327;66;65,862;66;66,44;66;0;0;0;0;0;0;;64,495;65,037;65,327;65,862;66,438;65,4318
20rat99_v4_p1;20rat99_;v4_;p1;49;63,92;49;65,629;49;65,413;49;65,335;49;64,61;49;0;0;0;0;0;0;;63,923;65,629;65,413;65,335;64,605;64,981
20rd100_v4_p1;20rd100_;v4_;p1;67;120,49;67;105,201;67;114,672;67;83,13;67;108,50;67;0;0;0;0;0;0;;120,491;105,201;114,672;83,13;108,504;106,3996
212u1060_v4_p1;212u1060_;v4_;p1;1059;109,26;1059;163;1059;148;1059;147;1059;110,73;1059;0;0;0;0;0;0;;109,259;163,498;148,364;147,468;110,734;135,8646
217vm1084_v4_p1;217vm1084_;v4_;p1;1083;83,12;1083;93;1083;89;1083;77;1083;78,18;1083;0;0;0;0;0;0;;83,123;92,981;88,971;76,771;78,178;84,0048
21eil101_v4_p1;21eil101_;v4_;p1;97;77,86;97;85,956;97;92,13;97;84,903;97;96,27;97;0;0;0;0;0;0;;77,858;85,956;92,13;84,903;96,273;87,424
21lin105_v4_p1;21lin105_;v4_;p1;61;66,11;61;65,537;61;65,583;61;66,453;61;65,67;61;0;0;0;0;0;0;;66,106;65,537;65,583;66,453;65,669;65,8696
22pr107_v4_p1;22pr107_;v4_;p1;41;67,68;41;67,294;41;67,423;41;67,265;41;67,61;41;0;0;0;0;0;0;;67,681;67,294;67,423;67,265;67,61;67,4546
25pr124_v4_p1;25pr124_;v4_;p1;90;0,16;90;0,159;90;0,156;90;0,129;90;0,13;90;0;0;0;0;0;0;;0,155;0,159;0,156;0,129;0,132;0,1462
26bier127_v4_p1;26bier127_;v4_;p1;126;0,19;126;0,178;126;0,173;126;0,223;126;0,22;126;0;0;0;0;0;0;;0,185;0,178;0,173;0,223;0,22;0,1958
26ch130_v4_p1;26ch130_;v4_;p1;124;0,15;124;0,175;124;0,171;124;0,153;124;0,17;124;0;0;0;0;0;0;;0,153;0,175;0,171;0,153;0,173;0,165
28pr136_v4_p1;28pr136_;v4_;p1;98;0,17;98;0,155;98;0,167;98;0,161;98;0,16;98;0;0;0;0;0;0;;0,166;0,155;0,167;0,161;0,163;0,1624
29pr144_v4_p1;29pr144_;v4_;p1;111;0,21;111;0,218;111;0,214;111;0,246;111;0,26;111;0;0;0;0;0;0;;0,209;0,218;0,214;0,246;0,256;0,2286
30ch150_v4_p1;30ch150_;v4_;p1;116;0,23;116;0,231;116;0,21;116;0,206;116;0,24;116;0;0;0;0;0;0;;0,233;0,231;0,21;0,206;0,239;0,2238
30kroA150_v4_p1;30kroA150_;v4_;p1;132;0,18;132;0,197;132;0,179;132;0,218;132;0,17;132;0;0;0;0;0;0;;0,184;0,197;0,179;0,218;0,172;0,19
30kroB150_v4_p1;30kroB150_;v4_;p1;137;0,19;137;0,167;137;0,17;137;0,174;137;0,16;137;0;0;0;0;0;0;;0,192;0,167;0,17;0,174;0,159;0,1724
31pr152_v4_p1;31pr152_;v4_;p1;105;0,18;105;0,173;105;0,174;105;0,181;105;0,18;105;0;0;0;0;0;0;;0,18;0,173;0,174;0,181;0,18;0,1776
32u159_v4_p1;32u159_;v4_;p1;109;0,19;109;0,189;109;0,183;109;0,187;109;0,19;109;0;0;0;0;0;0;;0,19;0,189;0,183;0,187;0,185;0,1868
39rat195_v4_p1;39rat195_;v4_;p1;124;0,22;124;0,209;124;0,214;124;0,22;124;0,21;124;0;0;0;0;0;0;;0,215;0,209;0,214;0,22;0,213;0,2142
40d198_v4_p1;40d198_;v4_;p1;94;0,22;94;0,209;94;0,207;94;0,208;94;0,23;94;0;0;0;0;0;0;;0,217;0,209;0,207;0,208;0,226;0,2134
40kroa200_v4_p1;40kroa200_;v4_;p1;191;0,15;190;0,148;191;0;191;0,154;191;0,15;191;0;0,005235602;0;0;0;0,00104712;;0,152;0;0,148;0,154;0,15;0,151
40krob200_v4_p1;40krob200_;v4_;p1;178;0,15;178;0,147;178;0;178;0;178;0,15;178;0;0;0;0;0;0;;0,151;0,147;0,149;0,147;0,148;0,1484
45ts225_v4_p1;45ts225_;v4_;p1;190;0,17;190;0,17;190;0;190;0,171;190;0,17;190;0;0;0;0;0;0;;0,174;0,17;0,172;0,171;0,173;0,172
45tsp225_v4_p1;45tsp225_;v4_;p1;154;0,18;154;0;154;0;154;0;154;0,17;154;0;0;0;0;0;0;;0,177;0,171;0,175;0,175;0,173;0,1742
46pr226_v4_p1;46pr226_;v4_;p1;169;0,20;169;0;169;0;169;0;169;0,20;169;0;0;0;0;0;0;;0,201;0,2;0,199;0,2;0,2;0,2
53gil262_v4_p1;53gil262_;v4_;p1;209;0,21;209;0,209;209;0;209;0;207;0,20;209;0;0;0;0;0,009569378;0,001913876;;0,207;0,209;0,206;0,201;0;0,20575
53pr264_v4_p1;53pr264_;v4_;p1;131;0,24;131;0;131;0;131;0;131;0,23;131;0;0;0;0;0;0;;0,235;0,23;0,233;0,232;0,229;0,2318
56a280_v4_p1;56a280_;v4_;p1;185;0,24;185;0;185;0;185;0;185;0,24;185;0;0;0;0;0;0;;0,236;0,237;0,239;0,237;0,241;0,238
60pr299_v4_p1;60pr299_;v4_;p1;178;0,27;178;0;178;0,263;178;0,26;178;0,27;178;0;0;0;0;0;0;;0,268;0,267;0,263;0,26;0,268;0,2652
64lin318_v4_p1;64lin318_;v4_;p1;302;0,28;302;0,274;302;0;302;0;302;0,28;302;0;0;0;0;0;0;;0,281;0,274;0,277;0,272;0,28;0,2768
80rd400_v4_p1;80rd400_;v4_;p1;399;0,30;399;0;399;0;399;0;399;0,30;399;0;0;0;0;0;0;;0,304;0,297;0,299;0,302;0,299;0,3002
84fl417_v4_p1;84fl417_;v4_;p1;364;0,31;365;0,302;365;0;365;0;365;0,30;365;0,002739726;0;0;0;0;0,000547945;;0;0,302;0,304;0,304;0,299;0,30225
88pr439_v4_p1;88pr439_;v4_;p1;438;0,26;438;0;438;0;438;0;438;0,23;438;0;0;0;0;0;0;;0,257;0,226;0,222;0,267;0,231;0,2406
89pcb442_v4_p1;89pcb442_;v4_;p1;438;0,26;438;0;438;0;438;0;438;0,31;438;0;0;0;0;0;0;;0,256;0,253;0,284;0,243;0,311;0,2694
99d493_v4_p1;99d493_;v4_;p1;457;0,32;458;0;457;0;458;0;457;0,32;458;0,002183406;0;0,002183406;0;0,002183406;0,001310044;;0;0,297;0;0,285;0;0,291
115rat575_v2_p2;115rat575_;v2_;p2;26448;0,32;26438;0;26362;0;26517;0;26754;0,27;26754;0,011437542;0,011811318;0,014652015;0,008858488;0;0,009351873;0,00135525;0;0;0;0;0,271;0,271
115u574_v2_p2;115u574_;v2_;p2;28052;0,31;28122;0;28138;0;28244;0;28007;0,31;28244;0,006797904;0,004319501;0,003753009;0;0,008391163;0,004652316;;0;0;0;0,302;0;0,302
11berlin52_v2_p2;11berlin52_;v2_;p2;2384;0,31;2384;0,286;2384;0,308;2384;0,31;2384;0,30;2384;0;0;0;0;0;0;;0,309;0,286;0,308;0,31;0,302;0,303
11eil51_v2_p2;11eil51_;v2_;p2;2069;0,29;2069;0,279;2069;0,317;2069;0,306;2069;0,26;2069;0;0;0;0;0;0;;0,292;0,279;0,317;0,306;0,264;0,2916
131p654_v2_p2;131p654_;v2_;p2;29882;0,29;29859;0;29875;0;29882;0;29748;0,36;29882;0;0,000769694;0,000234255;0;0,004484305;0,001097651;;0,289;0;0;0,283;0;0,286
132d657_v2_p2;132d657_;v2_;p2;30452;0,29;30563;0;30653;0;30508;0;30533;0,31;30653;0,00655727;0,002936091;0;0,004730369;0,003914788;0,003627704;;0;0;0,336;0;0;0,336
145u724_v2_p2;145u724_;v2_;p2;34997;0,38;35027;0;35198;0;35002;0;34920;0,31;35198;0,005710552;0,004858231;0;0,005568498;0,007898176;0,004807091;;0;0;0,355;0;0;0,355
14st70_v2_p2;14st70_;v2_;p2;2875;0,32;2875;0,317;2875;0,326;2875;0,304;2875;0,32;2875;0;0;0;0;0;0;;0,316;0,317;0,326;0,304;0,324;0,3174
157rat783_v2_p2;157rat783_;v2_;p2;37446;0,31;37126;0;37352;0;37534;0;37601;0,32;37601;0,004122231;0,012632643;0,006622164;0,001781868;0;0,005031781;;0;0;0;0;0,319;0,319
16eil76_v2_p2;16eil76_;v2_;p2;3363;0,33;3363;0,349;3363;0,315;3363;0,368;3363;0,32;3363;0;0;0;0;0;0;;0,325;0,349;0,315;0,368;0,318;0,335
16pr76_v2_p2;16pr76_;v2_;p2;3442;0,37;3442;0,314;3442;0,364;3442;0,326;3442;0,35;3442;0;0;0;0;0;0;;0,366;0,314;0,364;0,326;0,352;0,3444
201pr1002_v2_p2;201pr1002_;v2_;p2;49159;0,44;49285;0,363;49185;0;49274;0;49023;0,37;49285;0,002556559;0;0,002029015;0,000223192;0,005316019;0,002024957;;0;0,363;0;0;0;0,363
20kroA100_v2_p2;20kroA100_;v2_;p2;4256;0,41;4256;0,489;4256;0,394;4256;0,399;4256;0,39;4256;0;0;0;0;0;0;;0,409;0,489;0,394;0,399;0,394;0,417
20kroB100_v2_p2;20kroB100_;v2_;p2;3738;0,43;3738;0,52;3738;0,614;3738;0,557;3738;0,50;3738;0;0;0;0;0;0;;0,432;0,52;0,614;0,557;0,496;0,5238
20kroC100_v2_p2;20kroC100_;v2_;p2;3755;0,40;3755;0,475;3755;0,443;3755;0,471;3755;0,40;3755;0;0;0;0;0;0;;0,402;0,475;0,443;0,471;0,4;0,4382
20kroD100_v2_p2;20kroD100_;v2_;p2;3568;0,44;3568;0,434;3568;0,451;3568;0,479;3568;0,42;3568;0;0;0;0;0;0;;0,438;0,434;0,451;0,479;0,415;0,4434
20kroE100_v2_p2;20kroE100_;v2_;p2;3089;0,42;3089;0,384;3089;0,428;3089;0,371;3089;0,43;3089;0;0;0;0;0;0;;0,421;0,384;0,428;0,371;0,427;0,4062
20rat99_v2_p2;20rat99_;v2_;p2;2776;0,40;2776;0,406;2776;0,394;2776;0,404;2776;0,40;2776;0;0;0;0;0;0;;0,4;0,406;0,394;0,404;0,401;0,401
20rd100_v2_p2;20rd100_;v2_;p2;4053;0,44;4060;0,433;4053;0,414;4053;0,421;4053;0,41;4060;0,001724138;0;0,001724138;0,001724138;0,001724138;0,00137931;;0;0,433;0;0;0;0,433
212u1060_v2_p2;212u1060_;v2_;p2;53322;0,51;53344;0,505;53306;1;53331;1;53360;0,53;53360;0,000712144;0,00029985;0,001011994;0,000543478;0;0,000513493;;0;0;0;0;0,525;0,525
217vm1084_v2_p2;217vm1084_;v2_;p2;54208;0,46;54099;0;54100;0;54298;0;54187;0,50;54298;0,00165752;0,00366496;0,003646543;0;0,002044274;0,002202659;;0;0;0;0,488;0;0,488
21eil101_v2_p2;21eil101_;v2_;p2;4714;0,48;4714;0,414;4714;0,445;4714;0,392;4714;0,39;4714;0;0;0;0;0;0;;0,48;0,414;0,445;0,392;0,389;0,424
21lin105_v2_p2;21lin105_;v2_;p2;3704;0,37;3704;0,355;3704;0,399;3704;0,379;3704;0,42;3704;0;0;0;0;0;0;;0,372;0,355;0,399;0,379;0,423;0,3856
22pr107_v2_p2;22pr107_;v2_;p2;2697;0,57;2697;0,583;2697;0,518;2697;0,436;2697;0,45;2697;0;0;0;0;0;0;;0,574;0,583;0,518;0,436;0,454;0,513
25pr124_v2_p2;25pr124_;v2_;p2;4860;0,45;4860;0,446;4860;0,432;4860;0,454;4860;0,42;4860;0;0;0;0;0;0;;0,448;0,446;0,432;0,454;0,423;0,4406
26bier127_v2_p2;26bier127_;v2_;p2;6249;0,60;6236;0,719;6236;0,558;6249;0,58;6241;0,58;6249;0;0,002080333;0,002080333;0;0,001280205;0,001088174;;0,601;0;0;0,58;0;0,5905
26ch130_v2_p2;26ch130_;v2_;p2;5934;0,49;5895;0,484;5940;0,47;5934;0,483;5934;0,48;5940;0,001010101;0,007575758;0;0,001010101;0,001010101;0,002121212;;0;0;0,47;0;0;0,47
28pr136_v2_p2;28pr136_;v2_;p2;5260;0,41;5260;0,351;5260;0,363;5260;0,358;5260;0,37;5260;0;0;0;0;0;0;;0,408;0,351;0,363;0,358;0,372;0,3704
29pr144_v2_p2;29pr144_;v2_;p2;5662;0,43;5662;0,426;5662;0,47;5662;0,418;5662;0,43;5662;0;0;0;0;0;0;;0,425;0,426;0,47;0,418;0,432;0,4342
30ch150_v2_p2;30ch150_;v2_;p2;6024;0,60;6024;0,506;6024;0,477;6024;0,481;6024;0,51;6024;0;0;0;0;0;0;;0,603;0,506;0,477;0,481;0,514;0,5162
30kroA150_v2_p2;30kroA150_;v2_;p2;6564;0,50;6564;0,425;6564;0,493;6564;0,463;6564;0,42;6564;0;0;0;0;0;0;;0,497;0,425;0,493;0,463;0,424;0,4604
30kroB150_v2_p2;30kroB150_;v2_;p2;6760;0,48;6760;0,546;6760;0,481;6760;0,468;6760;0,48;6760;0;0;0;0;0;0;;0,48;0,546;0,481;0,468;0,481;0,4912
31pr152_v2_p2;31pr152_;v2_;p2;5559;0,47;5559;0,466;5559;0,477;5559;0,47;5559;0,47;5559;0;0;0;0;0;0;;0,468;0,466;0,477;0,47;0,47;0,4702
32u159_v2_p2;32u159_;v2_;p2;6529;0,36;6529;0,384;6529;0,351;6529;0,338;6529;0,35;6529;0;0;0;0;0;0;;0,355;0,384;0,351;0,338;0,347;0,355
39rat195_v2_p2;39rat195_;v2_;p2;6644;0,34;6644;0;6644;0;6644;0;6644;0,35;6644;0;0;0;0;0;0;;0,342;0,362;0,356;0,422;0,352;0,3668
40d198_v2_p2;40d198_;v2_;p2;6369;0,40;6369;0,397;6369;0,389;6369;0,393;6369;0,39;6369;0;0;0;0;0;0;;0,399;0,397;0,389;0,393;0,394;0,3944
40kroa200_v2_p2;40kroa200_;v2_;p2;9463;0,43;9463;0,439;9463;1;9463;1;9463;0,53;9463;0;0;0;0;0;0;;0,434;0,439;0,51;0,519;0,527;0,4858
40krob200_v2_p2;40krob200_;v2_;p2;8854;0,45;8854;0,448;8854;0,442;8902;0,462;8902;0,45;8902;0,005392047;0,005392047;0,005392047;0;0;0,003235228;;0;0;0;0,462;0,449;0,4555
45ts225_v2_p2;45ts225_;v2_;p2;10030;0,46;10054;0;10030;0;10054;0,464;10030;0,45;10054;0,00238711;0;0,00238711;0;0,00238711;0,001432266;;0;0,457;0;0,464;0;0,4605
45tsp225_v2_p2;45tsp225_;v2_;p2;8618;0,65;8618;1;8618;1;8618;1;8618;0,59;8618;0;0;0;0;0;0;;0,647;0,614;0,565;0,583;0,591;0,6
46pr226_v2_p2;46pr226_;v2_;p2;8959;0,50;8959;1;8959;0;8959;1;8954;0,79;8959;0;0;0;0;0,000558098;0,00011162;;0,5;0,758;0,484;0,757;0;0,62475
53gil262_v2_p2;53gil262_;v2_;p2;11153;0,49;11197;0;11197;0;11153;0;11075;0,47;11197;0,003929624;0;0;0,003929624;0,010895776;0,003751005;;0;0,45;0,464;0;0;0,457
53pr264_v2_p2;53pr264_;v2_;p2;9528;0,48;9528;0;9528;0;9528;0;9528;0,49;9528;0;0;0;0;0;0;;0,484;0,477;0,489;0,476;0,489;0,483
56a280_v2_p2;56a280_;v2_;p2;10472;0,52;10402;1;10402;1;10484;1;10484;0,54;10484;0,001144601;0,007821442;0,007821442;0;0;0,003357497;;0;0;0;0,527;0,535;0,531
60pr299_v2_p2;60pr299_;v2_;p2;10588;0,53;10445;1;10445;1;10445;1;10524;0,52;10588;0;0,013505856;0,013505856;0,013505856;0,006044579;0,009312429;;0,527;0;0;0;0;0,527
64lin318_v2_p2;64lin318_;v2_;p2;15129;0,64;15168;1;15147;1;15202;1;15217;0,60;15217;0,005783006;0,003220083;0,004600118;0,00098574;0;0,002917789;;0;0;0;0;0,598;0,598
80rd400_v2_p2;80rd400_;v2_;p2;19846;0,50;19875;1;19875;1;19875;0;19818;0,54;19875;0,001459119;0;0;0;0,002867925;0,000865409;;0;0,511;0,542;0,481;0;0,511333333
84fl417_v2_p2;84fl417_;v2_;p2;19059;0,52;19042;1;19026;1;19042;1;19059;0,50;19059;0;0,000891967;0,001731465;0,000891967;0;0,00070308;;0,515;0;0;0;0,5;0,5075
88pr439_v2_p2;88pr439_;v2_;p2;21442;0,52;21460;1;21453;0,562;21510;1;21550;0,57;21550;0,005011601;0,004176334;0,00450116;0,001856148;0;0,003109049;;0;0;0;0;0,569;0,569
89pcb442_v2_p2;89pcb442_;v2_;p2;21133;0,58;21063;1;21136;1;21116;1;21116;0,60;21136;0,000141938;0,003453823;0;0,000946253;0,000946253;0,001097653;;0;0;0,576;0;0;0,576
99d493_v2_p2;99d493_;v2_;p2;23219;0,58;23195;1;23195;1;23151;1;23181;0,57;23219;0;0,001033636;0,001033636;0,002928636;0,001636591;0,0013265;;0,58;0;0;0;0;0,58
115rat575_v3_p2;115rat575_;v3_;p2;25607;1,12;25428;1;25433;1;25433;1;25340;1,02;25607;0;0,006990276;0,006795017;0,006795017;0,010426836;0,006201429;0,001210336;1,119;0;0;0;0;1,119
115u574_v3_p2;115u574_;v3_;p2;28132;0,97;28132;1;27918;1;28109;1;28024;1,03;28132;0;0;0,007606996;0,000817574;0,003839045;0,002452723;;0,972;1,131;0;0;0;1,0515
11berlin52_v3_p2;11berlin52_;v3_;p2;2240;0,86;2240;0,826;2240;0,836;2240;0,883;2240;0,86;2240;0;0;0;0;0;0;;0,856;0,826;0,836;0,883;0,857;0,8516
11eil51_v3_p2;11eil51_;v3_;p2;2218;0,91;2218;0,961;2218;0,931;2218;0,964;2218;1,03;2218;0;0;0;0;0;0;;0,909;0,961;0,931;0,964;1,025;0,958
131p654_v3_p2;131p654_;v3_;p2;25658;0,89;25658;1;25658;1;25658;0,894;25666;0,89;25666;0,000311696;0,000311696;0,000311696;0,000311696;0;0,000249357;;0;0;0;0;0,889;0,889
132d657_v3_p2;132d657_;v3_;p2;28946;0,93;28884;1;28854;1;28987;1;29166;0,93;29166;0,00754303;0,009668792;0,010697387;0,006137283;0;0,006809298;;0;0;0;0;0,932;0,932
145u724_v3_p2;145u724_;v3_;p2;35501;0,78;35772;1;35698;1;35805;1;35753;0,74;35805;0,008490434;0,000921659;0,002988409;0;0,001452311;0,002770563;;0;0;0;0,716;0;0,716
14st70_v3_p2;14st70_;v3_;p2;2499;0,85;2499;0,862;2499;0,839;2499;0,712;2499;0,83;2499;0;0;0;0;0;0;;0,853;0,862;0,839;0,712;0,826;0,8184
157rat783_v3_p2;157rat783_;v3_;p2;37716;0,70;37666;1;37638;1;37598;1;37441;0,70;37716;0;0,001325697;0,002068088;0,003128646;0,007291335;0,002762753;;0,696;0;0;0;0;0,696
16eil76_v3_p2;16eil76_;v3_;p2;3137;0,65;3137;0,656;3137;0,677;3137;0,67;3137;0,65;3137;0;0;0;0;0;0;;0,653;0,656;0,677;0,67;0,654;0,662
16pr76_v3_p2;16pr76_;v3_;p2;3250;0,76;3250;0,753;3250;0,748;3250;0,751;3250;0,74;3250;0;0;0;0;0;0;;0,759;0,753;0,748;0,751;0,74;0,7502
201pr1002_v3_p2;201pr1002_;v3_;p2;50183;0,75;50381;1;50349;1;50313;1;50415;0,75;50415;0,004601805;0,000674402;0,001309134;0,002023207;0;0,00172171;;0;0;0;0;0,749;0,749
20kroA100_v3_p2;20kroA100_;v3_;p2;4116;0,85;4116;1,166;4116;1,018;4116;0,901;4116;0,92;4116;0;0;0;0;0;0;;0,848;1,166;1,018;0,901;0,922;0,971
20kroB100_v3_p2;20kroB100_;v3_;p2;3411;1,11;3411;0,946;3366;1,164;3411;1,083;3411;1,10;3411;0;0;0,013192612;0;0;0,002638522;;1,106;0,946;0;1,083;1,102;1,05925
20kroC100_v3_p2;20kroC100_;v3_;p2;3565;1,01;3565;1,325;3565;0,988;3565;0,967;3565;0,92;3565;0;0;0;0;0;0;;1,005;1,325;0,988;0,967;0,917;1,0404
20kroD100_v3_p2;20kroD100_;v3_;p2;3193;1,16;3133;1,466;3133;1,423;3133;1,067;3133;1,18;3193;0;0,018791106;0,018791106;0,018791106;0,018791106;0,015032884;;1,156;0;0;0;0;1,156
20kroE100_v3_p2;20kroE100_;v3_;p2;2945;0,96;2945;0,956;2945;1,287;2945;1,2;2945;0,90;2945;0;0;0;0;0;0;;0,959;0,956;1,287;1,2;0,9;1,0604
20rat99_v3_p2;20rat99_;v3_;p2;2508;1,33;2508;1,025;2508;1,042;2508;1,04;2508;1,02;2508;0;0;0;0;0;0;;1,333;1,025;1,042;1,04;1,024;1,0928
20rd100_v3_p2;20rd100_;v3_;p2;3467;0,79;3467;0,902;3467;0,969;3467;1,01;3467;1,07;3467;0;0;0;0;0;0;;0,79;0,902;0,969;1,01;1,07;0,9482
212u1060_v3_p2;212u1060_;v3_;p2;53482;0,91;53468;1;53468;1;53482;1;53468;1,23;53482;0;0,00026177;0,00026177;0;0,00026177;0,000157062;;0,913;0;0;1,06;0;0,9865
217vm1084_v3_p2;217vm1084_;v3_;p2;54712;1,59;54712;1;54712;1,091;54712;1;54712;1,44;54712;0;0;0;0;0;0;;1,589;1,18;1,091;1,346;1,439;1,329
21eil101_v3_p2;21eil101_;v3_;p2;4672;1,24;4672;1,246;4672;1,107;4672;1,357;4672;1,23;4672;0;0;0;0;0;0;;1,236;1,246;1,107;1,357;1,229;1,235
21lin105_v3_p2;21lin105_;v3_;p2;3011;1,06;3011;0,949;3011;1,088;3011;1,127;3011;1,09;3011;0;0;0;0;0;0;;1,062;0,949;1,088;1,127;1,087;1,0626
22pr107_v3_p2;22pr107_;v3_;p2;2123;1,16;2123;1,196;2123;1,15;2123;1,049;2123;1,03;2123;0;0;0;0;0;0;;1,158;1,196;1,15;1,049;1,029;1,1164
25pr124_v3_p2;25pr124_;v3_;p2;4584;1,48;4584;2,015;4584;1,469;4584;1,454;4584;1,27;4584;0;0;0;0;0;0;;1,481;2,015;1,469;1,454;1,268;1,5374
26bier127_v3_p2;26bier127_;v3_;p2;6314;1,34;6314;1,775;6314;1,712;6314;1,9;6314;1,44;6314;0;0;0;0;0;0;;1,341;1,775;1,712;1,9;1,441;1,6338
26ch130_v3_p2;26ch130_;v3_;p2;6150;1,20;6150;1,182;6150;1,307;6150;1,243;6150;1,23;6150;0;0;0;0;0;0;;1,2;1,182;1,307;1,243;1,231;1,2326
28pr136_v3_p2;28pr136_;v3_;p2;4464;1,30;4464;1,332;4464;1,426;4464;1,342;4464;1,48;4464;0;0;0;0;0;0;;1,299;1,332;1,426;1,342;1,475;1,3748
29pr144_v3_p2;29pr144_;v3_;p2;5218;1,37;5218;1,37;5218;1,232;5218;1,5;5218;1,46;5218;0;0;0;0;0;0;;1,368;1,37;1,232;1,5;1,457;1,3854
30ch150_v3_p2;30ch150_;v3_;p2;5531;1,35;5531;1,259;5531;1,353;5531;1,437;5531;1,28;5531;0;0;0;0;0;0;;1,354;1,259;1,353;1,437;1,278;1,3362
30kroA150_v3_p2;30kroA150_;v3_;p2;6351;1,79;6351;1,391;6351;1,498;6351;1,392;6351;1,72;6351;0;0;0;0;0;0;;1,789;1,391;1,498;1,392;1,722;1,5584
30kroB150_v3_p2;30kroB150_;v3_;p2;6461;1,77;6461;1,987;6461;1,763;6461;1,629;6461;1,51;6461;0;0;0;0;0;0;;1,772;1,987;1,763;1,629;1,506;1,7314
31pr152_v3_p2;31pr152_;v3_;p2;4968;1,81;4968;1,738;4968;1,828;4968;1,629;4968;1,54;4968;0;0;0;0;0;0;;1,806;1,738;1,828;1,629;1,537;1,7076
32u159_v3_p2;32u159_;v3_;p2;5452;1,66;5452;1,735;5452;2,148;5452;1,932;5452;1,96;5452;0;0;0;0;0;0;;1,661;1,735;2,148;1,932;1,956;1,8864
39rat195_v3_p2;39rat195_;v3_;p2;6058;1,39;6058;1,497;6058;1,442;6058;1,358;6058;1,44;6058;0;0;0;0;0;0;;1,39;1,497;1,442;1,358;1,435;1,4244
40d198_v3_p2;40d198_;v3_;p2;4713;1,57;4713;2,007;4713;1,497;4713;1,558;4713;1,72;4713;0;0;0;0;0;0;;1,567;2,007;1,497;1,558;1,715;1,6688
40kroa200_v3_p2;40kroa200_;v3_;p2;9250;1,38;9250;1;9250;1;9250;1;9250;1,16;9250;0;0;0;0;0;0;;1,381;1,058;1,139;1,378;1,157;1,2226
40krob200_v3_p2;40krob200_;v3_;p2;8216;1,50;8216;2;8216;1;8216;2;8216;1,57;8216;0;0;0;0;0;0;;1,502;1,573;1,317;1,707;1,572;1,5342
45ts225_v3_p2;45ts225_;v3_;p2;9177;1,61;9177;2;9177;2;9177;2;9177;1,60;9177;0;0;0;0;0;0;;1,605;1,538;1,754;1,746;1,6;1,6486
45tsp225_v3_p2;45tsp225_;v3_;p2;7414;1,56;7636;2;7636;2;7636;1;7636;1,56;7636;0,029072813;0;0;0;0;0,005814563;;0;1,501;1,747;1,44;1,563;1,56275
46pr226_v3_p2;46pr226_;v3_;p2;7903;1,34;7903;1;7903;1;7903;1,348;7903;1,40;7903;0;0;0;0;0;0;;1,336;1,389;1,341;1,348;1,396;1,362
53gil262_v3_p2;53gil262_;v3_;p2;9689;1,39;9689;1;9653;1;9689;1;9653;1,42;9689;0;0;0,003715554;0;0,003715554;0,001486221;;1,389;1,473;0;1,4;0;1,420666667
53pr264_v3_p2;53pr264_;v3_;p2;6588;2,52;6588;2;6588;2;6588;2;6588;2,68;6588;0;0;0;0;0;0;;2,524;2,474;2,042;2,327;2,681;2,4096
56a280_v3_p2;56a280_;v3_;p2;9116;2,23;9116;3;9116;3;9111;2;9116;3,34;9116;0;0;0;0,000548486;0;0,000109697;;2,226;3,092;2,734;0;3,335;2,84675
60pr299_v3_p2;60pr299_;v3_;p2;8834;2,39;8834;2;8834;2;8834;2;8834;2,09;8834;0;0;0;0;0;0;;2,393;2,181;2,438;2,319;2,087;2,2836
64lin318_v3_p2;64lin318_;v3_;p2;14924;2,74;14958;4;14924;2,058;14973;3;14958;2,78;14973;0,003272557;0,001001803;0,003272557;0;0,001001803;0,001709744;;0;0;0;2,694;0;2,694
80rd400_v3_p2;80rd400_;v3_;p2;20140;2,14;20158;2;20158;2;20158;2;20140;1,99;20158;0,000892946;0;0;0;0,000892946;0,000357178;;0;2,09;1,974;2,303;0;2,122333333
84fl417_v3_p2;84fl417_;v3_;p2;16234;2,25;16324;3;16217;3;16217;2;16237;2,64;16324;0,005513355;0;0,006554766;0,006554766;0,005329576;0,004790493;;0;2,589;0;0;0;2,589
88pr439_v3_p2;88pr439_;v3_;p2;21642;1,50;21691;2;21657;2;21710;2;21683;1,46;21710;0,003132197;0,000875173;0,002441271;0;0,001243667;0,001538462;;0;0;0;1,528;0;1,528
89pcb442_v3_p2;89pcb442_;v3_;p2;21584;1,57;21508;2;21487;2;21501;2;21405;1,57;21584;0;0,003521127;0,00449407;0,003845441;0,00829318;0,004030764;;1,573;0;0;0;0;1,573
99d493_v3_p2;99d493_;v3_;p2;20998;1,48;20992;2;20986;1;21025;1;21029;1,48;21029;0,001474155;0,001759475;0,002044795;0,000190214;0;0,001093728;;0;0;0;0;1,476;1,476
115rat575_v4_p2;115rat575_;v4_;p2;26955;1,50;26911;2;26990;1,519;27009;1;27020;1,51;27020;0,002405625;0,004034049;0,001110289;0,000407106;0;0,001591414;0,000264239;0;0;0;0;1,505;1,505
115u574_v4_p2;115u574_;v4_;p2;28888;1,66;28888;2;28888;2;28888;2;28888;1,65;28888;0;0;0;0;0;0;;1,657;1,674;1,659;1,654;1,65;1,6588
11berlin52_v4_p2;11berlin52_;v4_;p2;2384;1,66;2384;1,669;2384;1,665;2384;1,676;2384;1,68;2384;0;0;0;0;0;0;;1,663;1,669;1,665;1,676;1,677;1,67
11eil51_v4_p2;11eil51_;v4_;p2;2218;3,61;2218;2,975;2218;4,296;2218;3,586;2218;3,00;2218;0;0;0;0;0;0;;3,61;2,975;4,296;3,586;3,001;3,4936
131p654_v4_p2;131p654_;v4_;p2;26072;3,80;26072;3;26072;2;26072;2;26072;3,08;26072;0;0;0;0;0;0;;3,801;2,608;2,181;2,327;3,078;2,799
132d657_v4_p2;132d657_;v4_;p2;31307;2,88;31414;3;31150;3;31395;3;31431;3,32;31431;0,00394515;0,000540867;0,008940218;0,001145366;0;0,00291432;;0;0;0;0;3,32;3,32
145u724_v4_p2;145u724_;v4_;p2;36532;3,49;36532;5;36532;4;36532;2,954;36532;3,50;36532;0;0;0;0;0;0;;3,492;5,125;4,439;2,954;3,504;3,9028
14st70_v4_p2;14st70_;v4_;p2;2524;3,39;2524;3,166;2524;3,226;2524;2,985;2524;3,01;2524;0;0;0;0;0;0;;3,394;3,166;3,226;2,985;3,006;3,1554
157rat783_v4_p2;157rat783_;v4_;p2;39430;2,89;39517;3;39517;4;39517;3;39517;3,65;39517;0,002201584;0;0;0;0;0,000440317;;0;3,198;3,503;3,363;3,649;3,42825
16eil76_v4_p2;16eil76_;v4_;p2;3411;3,80;3411;3,535;3411;3,197;3411;3,107;3411;3,35;3411;0;0;0;0;0;0;;3,798;3,535;3,197;3,107;3,349;3,3972
16pr76_v4_p2;16pr76_;v4_;p2;3378;3,40;3378;3,662;3378;3,981;3378;3,429;3378;4,23;3378;0;0;0;0;0;0;;3,399;3,662;3,981;3,429;4,23;3,7402
201pr1002_v4_p2;201pr1002_;v4_;p2;50583;4,09;50583;3;50583;5;50583;3,536;50583;3,80;50583;0;0;0;0;0;0;;4,093;3,241;4,591;3,536;3,803;3,8528
20kroA100_v4_p2;20kroA100_;v4_;p2;4256;3,48;4256;3,935;4256;3,153;4256;3,819;4256;3,12;4256;0;0;0;0;0;0;;3,481;3,935;3,153;3,819;3,117;3,501
20kroB100_v4_p2;20kroB100_;v4_;p2;3482;3,55;3482;3,692;3482;3,22;3482;3,6;3482;4,40;3482;0;0;0;0;0;0;;3,55;3,692;3,22;3,6;4,397;3,6918
20kroC100_v4_p2;20kroC100_;v4_;p2;3565;4,55;3565;3,962;3565;4,435;3565;3,742;3565;3,70;3565;0;0;0;0;0;0;;4,55;3,962;4,435;3,742;3,695;4,0768
20kroD100_v4_p2;20kroD100_;v4_;p2;3379;2,77;3379;2,661;3379;2,833;3379;2,82;3379;2,55;3379;0;0;0;0;0;0;;2,768;2,661;2,833;2,82;2,551;2,7266
20kroE100_v4_p2;20kroE100_;v4_;p2;3089;3,04;3089;4,139;3089;2,447;3089;3,149;3089;3,34;3089;0;0;0;0;0;0;;3,035;4,139;2,447;3,149;3,339;3,2218
20rat99_v4_p2;20rat99_;v4_;p2;2508;3,30;2508;3,119;2508;2,883;2508;3,179;2508;3,04;2508;0;0;0;0;0;0;;3,298;3,119;2,883;3,179;3,035;3,1028
20rd100_v4_p2;20rd100_;v4_;p2;3467;4,68;3467;3,941;3467;4,34;3467;5,539;3467;5,14;3467;0;0;0;0;0;0;;4,68;3,941;4,34;5,539;5,14;4,728
212u1060_v4_p2;212u1060_;v4_;p2;53548;3,78;53548;4;53548;3;53548;3;53548;3,08;53548;0;0;0;0;0;0;;3,78;4,08;3,265;3,268;3,082;3,495
217vm1084_v4_p2;217vm1084_;v4_;p2;54712;2,80;54712;3;54712;3;54712;3;54712;3,13;54712;0;0;0;0;0;0;;2,803;3,134;3,375;2,894;3,133;3,0678
21eil101_v4_p2;21eil101_;v4_;p2;4993;7,72;4993;6,576;4993;6,342;4993;7,812;4993;7,22;4993;0;0;0;0;0;0;;7,724;6,576;6,342;7,812;7,217;7,1342
21lin105_v4_p2;21lin105_;v4_;p2;3082;7,29;3082;10,012;3082;7,407;3082;7,519;3082;5,72;3082;0;0;0;0;0;0;;7,293;10,012;7,407;7,519;5,717;7,5896
22pr107_v4_p2;22pr107_;v4_;p2;2123;6,26;2123;5,555;2123;5,919;2123;6,361;2123;5,76;2123;0;0;0;0;0;0;;6,26;5,555;5,919;6,361;5,759;5,9708
25pr124_v4_p2;25pr124_;v4_;p2;4584;7,34;4584;6,572;4584;7,587;4584;6,048;4584;6,88;4584;0;0;0;0;0;0;;7,344;6,572;7,587;6,048;6,884;6,887
26bier127_v4_p2;26bier127_;v4_;p2;6333;4,53;6333;4,585;6333;4,522;6333;4,565;6333;4,50;6333;0;0;0;0;0;0;;4,532;4,585;4,522;4,565;4,501;4,541
26ch130_v4_p2;26ch130_;v4_;p2;6280;4,57;6280;4,537;6280;4,506;6280;4,55;6280;4,50;6280;0;0;0;0;0;0;;4,568;4,537;4,506;4,55;4,498;4,5318
28pr136_v4_p2;28pr136_;v4_;p2;4798;5,51;4840;5,132;4840;5,102;4840;6,034;4798;6,59;4840;0,008677686;0;0;0;0,008677686;0,003471074;;0;5,132;5,102;6,034;0;5,422666667
29pr144_v4_p2;29pr144_;v4_;p2;5622;8,47;5622;7,138;5622;6,293;5622;7,079;5622;8,74;5622;0;0;0;0;0;0;;8,469;7,138;6,293;7,079;8,74;7,5438
30ch150_v4_p2;30ch150_;v4_;p2;5828;11,36;5828;9,625;5828;11,975;5828;10,506;5828;9,63;5828;0;0;0;0;0;0;;11,359;9,625;11,975;10,506;9,633;10,6196
30kroA150_v4_p2;30kroA150_;v4_;p2;6780;12,15;6780;10,668;6780;9,699;6780;13,169;6780;13,40;6780;0;0;0;0;0;0;;12,153;10,668;9,699;13,169;13,397;11,8172
30kroB150_v4_p2;30kroB150_;v4_;p2;6800;7,93;6800;8,42;6800;6,843;6800;8,734;6800;7,91;6800;0;0;0;0;0;0;;7,926;8,42;6,843;8,734;7,908;7,9662
31pr152_v4_p2;31pr152_;v4_;p2;5387;11,85;5387;9,958;5387;8,63;5387;11,421;5387;8,47;5387;0;0;0;0;0;0;;11,853;9,958;8,63;11,421;8,467;10,0658
32u159_v4_p2;32u159_;v4_;p2;5573;6,46;5573;8,823;5573;8,517;5573;8,697;5573;8,03;5573;0;0;0;0;0;0;;6,46;8,823;8,517;8,697;8,025;8,1044
39rat195_v4_p2;39rat195_;v4_;p2;6149;8,85;6149;9,147;6149;8,82;6149;6,761;6149;9,53;6149;0;0;0;0;0;0;;8,85;9,147;8,82;6,761;9,528;8,6212
40d198_v4_p2;40d198_;v4_;p2;4713;7,20;4713;7,515;4713;6,252;4713;7,439;4713;8,68;4713;0;0;0;0;0;0;;7,196;7,515;6,252;7,439;8,682;7,4168
40kroa200_v4_p2;40kroa200_;v4_;p2;9664;7,90;9664;10;9664;7;9664;11,183;9664;9,79;9664;0;0;0;0;0;0;;7,901;9,586;7,321;11,183;9,788;9,1558
40krob200_v4_p2;40krob200_;v4_;p2;8704;7,32;8704;8;8704;7,526;8704;7;8704;7,08;8704;0;0;0;0;0;0;;7,315;8,057;7,526;6,962;7,076;7,3872
45ts225_v4_p2;45ts225_;v4_;p2;9740;6,03;9740;6;9740;7;9740;6;9740;6,20;9740;0;0;0;0;0;0;;6,029;5,796;6,914;6,442;6,202;6,2766
45tsp225_v4_p2;45tsp225_;v4_;p2;7821;12,44;7821;13;7821;9;7821;9;7821;9,76;7821;0;0;0;0;0;0;;12,437;12,614;9,138;8,947;9,757;10,5786
46pr226_v4_p2;46pr226_;v4_;p2;8509;14,73;8509;11;8509;13,819;8509;11,958;8509;10,89;8509;0;0;0;0;0;0;;14,733;11,025;13,819;11,958;10,894;12,4858
53gil262_v4_p2;53gil262_;v4_;p2;10338;12,19;10338;10;10327;10;10302;9;10338;11,78;10338;0;0;0,001064036;0,003482298;0;0,000909267;;12,185;9,552;0;0;11,775;11,17066667
53pr264_v4_p2;53pr264_;v4_;p2;6588;13,17;6588;15;6588;14;6588;12;6588;13,82;6588;0;0;0;0;0;0;;13,174;14,575;13,678;12,303;13,822;13,5104
56a280_v4_p2;56a280_;v4_;p2;9423;8,02;9423;8;9423;11;9423;10;9423;8,62;9423;0;0;0;0;0;0;;8,02;8,039;10,819;9,922;8,62;9,084
60pr299_v4_p2;60pr299_;v4_;p2;9085;8,35;9085;10;9085;8;9085;11;9085;8,50;9085;0;0;0;0;0;0;;8,348;9,505;8,196;11,311;8,502;9,1724
64lin318_v4_p2;64lin318_;v4_;p2;15459;10,55;15459;13;15459;10;15459;11;15459;9,73;15459;0;0;0;0;0;0;;10,545;12,932;10,227;10,66;9,726;10,818
80rd400_v4_p2;80rd400_;v4_;p2;20158;15,40;20158;13;20158;14;20158;12,499;20158;13,56;20158;0;0;0;0;0;0;;15,399;13,332;14,187;12,499;13,56;13,7954
84fl417_v4_p2;84fl417_;v4_;p2;18714;11,90;18747;14;18737;10,516;18712;13;18659;14,18;18747;0,001760282;0;0,000533419;0,001866965;0,004694084;0,00177095;;0;13,623;0;0;0;13,623
88pr439_v4_p2;88pr439_;v4_;p2;22177;12,65;22177;15;22177;19;22177;14;22177;23,45;22177;0;0;0;0;0;0;;12,645;14,767;18,696;13,593;23,454;16,631
89pcb442_v4_p2;89pcb442_;v4_;p2;22138;11,44;22118;12;22118;11;22118;12;22138;12,86;22138;0;0,000903424;0,000903424;0,000903424;0;0,000542054;;11,44;0;0;0;12,859;12,1495
99d493_v4_p2;99d493_;v4_;p2;22967;16,72;22832;16;22975;13;22927;12;22963;14,78;22975;0,000348205;0,006224157;0;0,002089227;0,000522307;0,001836779;;0;0;13,302;0;0;13,302
