dataset_name;l=2restarts=50;duration;l=5restarts=20;duration;l=10restarts=10;duration;l=20restarts=5;duration;l=50restarts=2;duration;best;gap_1;gap_2;gap_3;gap_4;gap_5
115rat575_v2_p1;525;34.383;530;30.329;528;31.858;531;28.633;532;15.141;532;0,013157895;0,003759398;0,007518797;0,001879699;0
115rat575_v2_p2;26615;40.996;26695;37.269;26694;34.51;26757;21.184;26557;18.414;26757;0,005307022;0,002317151;0,002354524;0;0,00747468
115rat575_v3_p1;508;33.395;508;28.444;505;27.572;508;34.988;508;20.885;508;0;0;0,005905512;0;0
115rat575_v3_p2;25277;40.158;25285;32.727;25447;40.366;25444;35.437;25350;20.594;25447;0,006680552;0,006366173;0;0,000117892;0,003811844
115rat575_v4_p1;538;33.223;537;26.893;538;22.552;535;28.709;541;18.184;541;0,005545287;0,007393715;0,005545287;0,011090573;0
115rat575_v4_p2;27054;33.731;27058;33.928;27033;25.437;27190;27.017;27094;38.439;27190;0,005001839;0,004854726;0,005774182;0;0,00353071
115u574_v2_p1;557;25.696;559;19.524;559;19.789;558;16.494;560;19.247;560;0,005357143;0,001785714;0,001785714;0,003571429;0
115u574_v2_p2;28222;34.384;28222;29.027;28222;25.257;28136;17.937;28222;18.994;28222;0;0;0;0,003047268;0
115u574_v3_p1;559;33.303;554;22.907;559;22.557;559;25.922;558;33.197;559;0;0,008944544;0;0;0,001788909
115u574_v3_p2;28029;37.664;28052;28.992;28115;32.723;28159;24.48;28059;17.44;28159;0,004616641;0,003799851;0,001562555;0;0,003551262
115u574_v4_p1;571;21.026;571;17.929;571;15.535;571;12.949;571;11.272;571;0;0;0;0;0
115u574_v4_p2;28888;24.934;28888;19.037;28888;14.925;28888;13.471;28888;12.682;28888;0;0;0;0;0
11berlin52_v2_p1;47;0.042;47;0.035;47;0.032;47;0.031;47;0.03;47;0;0;0;0;0
11berlin52_v2_p2;2384;0.038;2384;0.033;2384;0.031;2384;0.031;2384;0.031;2384;0;0;0;0;0
11berlin52_v3_p1;44;0.043;44;0.041;44;0.039;44;0.038;44;0.037;44;0;0;0;0;0
11berlin52_v3_p2;2240;0.045;2240;0.041;2240;0.039;2240;0.038;2240;0.038;2240;0;0;0;0;0
11berlin52_v4_p1;46;0.059;46;0.051;46;0.048;46;0.048;46;0.047;46;0;0;0;0;0
11berlin52_v4_p2;2384;0.061;2384;0.054;2384;0.051;2384;0.049;2384;0.049;2384;0;0;0;0;0
11eil51_v2_p1;43;0.04;43;0.035;43;0.033;43;0.031;43;0.031;43;0;0;0;0;0
11eil51_v2_p2;2069;0.04;2069;0.035;2069;0.032;2069;0.032;2069;0.031;2069;0;0;0;0;0
11eil51_v3_p1;45;0.055;45;0.047;45;0.042;45;0.04;45;0.039;45;0;0;0;0;0
11eil51_v3_p2;2218;0.057;2218;0.048;2218;0.043;2218;0.042;2218;0.041;2218;0;0;0;0;0
11eil51_v4_p1;45;0.058;45;0.054;45;0.05;45;0.05;45;0.048;45;0;0;0;0;0
11eil51_v4_p2;2218;0.061;2218;0.052;2218;0.051;2218;0.05;2218;0.05;2218;0;0;0;0;0
131p654_v2_p1;591;49.282;591;34.116;591;32.586;591;25.377;591;20.018;591;0;0;0;0;0
131p654_v2_p2;29882;62.118;29885;45.518;29888;39.384;29907;34.801;29868;23.78;29907;0,000835925;0,000735614;0,000635303;0;0,001304043
131p654_v3_p1;507;40.992;507;32.966;507;28.883;507;25.893;506;23.328;507;0;0;0;0;0,001972387
131p654_v3_p2;25663;53.549;25658;46.8;25658;44.5;25658;34.903;25658;30.56;25663;0;0,000194833;0,000194833;0,000194833;0,000194833
131p654_v4_p1;516;39.479;516;37.08;516;27.57;516;29.457;516;24.427;516;0;0;0;0;0
131p654_v4_p2;26072;44.498;26072;37.544;26072;32.788;26072;29.668;26072;26.265;26072;0;0;0;0;0
132d657_v2_p1;595;46.164;596;39.913;598;35.982;599;28.005;597;25.94;599;0,006677796;0,005008347;0,001669449;0;0,003338898
132d657_v2_p2;30643;58.678;30672;57.202;30806;42.775;30541;51.088;30492;44.13;30806;0,005291177;0,004349802;0;0,00860222;0,01019282
132d657_v3_p1;568;52.403;569;42.671;571;38.134;571;47.388;568;26.529;571;0,00525394;0,003502627;0;0;0,00525394
132d657_v3_p2;29036;60.661;28967;54.121;28966;44.05;28944;45.64;29101;34.474;29101;0,0022336;0,004604653;0,004639016;0,005395004;0
132d657_v4_p1;615;39.168;616;33.636;616;39.761;617;32.974;616;32.749;617;0,003241491;0,001620746;0,001620746;0;0,001620746
132d657_v4_p2;31476;54.984;31418;45.624;31431;44.698;31387;39.994;31405;31.14;31476;0;0,001842674;0,001429661;0,002827551;0,002255687
145u724_v2_p1;695;73.166;690;48.996;694;36.91;693;38.829;691;21.878;695;0;0,007194245;0,001438849;0,002877698;0,005755396
145u724_v2_p2;35212;96.695;35189;58.237;35227;60.659;35132;47.739;35216;35.772;35227;0,00042581;0,001078718;0;0,002696795;0,00031226
145u724_v3_p1;707;78.799;709;62.389;707;60.004;710;40.441;709;42.165;710;0,004225352;0,001408451;0,004225352;0;0,001408451
145u724_v3_p2;35707;94.481;35847;83.742;35732;78.176;35863;52.903;35890;50.638;35890;0,005098913;0,001198105;0,00440234;0,000752299;0
145u724_v4_p1;723;46.4;723;34.658;723;28.122;723;24.242;723;23.083;723;0;0;0;0;0
145u724_v4_p2;36532;46.825;36532;36.175;36532;29.786;36532;29.569;36532;25.06;36532;0;0;0;0;0
14st70_v2_p1;56;0.065;56;0.061;56;0.06;56;0.058;56;0.057;56;0;0;0;0;0
14st70_v2_p2;2875;0.071;2875;0.061;2875;0.06;2875;0.057;2875;0.057;2875;0;0;0;0;0
14st70_v3_p1;49;0.084;49;0.077;49;0.074;49;0.074;49;0.073;49;0;0;0;0;0
14st70_v3_p2;2499;0.092;2499;0.079;2499;0.08;2499;0.078;2499;0.074;2499;0;0;0;0;0
14st70_v4_p1;50;0.112;50;0.097;50;0.095;50;0.093;50;0.089;50;0;0;0;0;0
14st70_v4_p2;2524;0.107;2524;0.094;2524;0.091;2524;0.091;2524;0.088;2524;0;0;0;0;0
157rat783_v2_p1;735;87.535;735;73.486;732;68.461;734;57.054;736;59.082;736;0,001358696;0,001358696;0,005434783;0,002717391;0
157rat783_v2_p2;37445;130.29;37670;96.876;37818;93.849;37678;52.046;37585;67.032;37818;0,009863028;0,00391348;0;0,003701941;0,006161087
157rat783_v3_p1;739;92.956;739;71.75;743;66.031;739;70.877;747;49.341;747;0,010709505;0,010709505;0,005354752;0,010709505;0
157rat783_v3_p2;37725;112.001;37937;99.313;38039;92.506;37857;92.124;37740;41.519;38039;0,008254686;0,002681459;0;0,004784563;0,007860354
157rat783_v4_p1;782;71.419;782;52.915;782;51.928;782;50.749;782;47.549;782;0;0;0;0;0
157rat783_v4_p2;39517;70.212;39517;51.897;39517;53.168;39517;62.044;39517;50.986;39517;0;0;0;0;0
16eil76_v2_p1;64;0.1;64;0.086;64;0.092;64;0.092;64;0.083;64;0;0;0;0;0
16eil76_v2_p2;3363;0.101;3363;0.092;3363;0.088;3363;0.082;3363;0.096;3363;0;0;0;0;0
16eil76_v3_p1;60;0.116;60;0.1;60;0.093;60;0.084;60;0.091;60;0;0;0;0;0
16eil76_v3_p2;3137;0.137;3137;0.12;3137;0.106;3137;0.101;3137;0.086;3137;0;0;0;0;0
16eil76_v4_p1;65;0.146;65;0.13;65;0.112;65;0.105;65;0.101;65;0;0;0;0;0
16eil76_v4_p2;3411;0.154;3411;0.125;3411;0.108;3411;0.106;3411;0.103;3411;0;0;0;0;0
16pr76_v2_p1;68;0.099;68;0.089;68;0.079;68;0.077;68;0.064;68;0;0;0;0;0
16pr76_v2_p2;3442;0.11;3442;0.102;3442;0.082;3442;0.073;3442;0.069;3442;0;0;0;0;0
16pr76_v3_p1;63;0.116;63;0.101;63;0.092;63;0.086;63;0.086;63;0;0;0;0;0
16pr76_v3_p2;3250;0.128;3250;0.106;3250;0.09;3250;0.086;3250;0.088;3250;0;0;0;0;0
16pr76_v4_p1;66;0.155;66;0.126;66;0.11;66;0.108;66;0.101;66;0;0;0;0;0
16pr76_v4_p2;3378;0.159;3378;0.129;3378;0.118;3378;0.112;3378;0.106;3378;0;0;0;0;0
201pr1002_v2_p1;972;172.058;976;130.232;973;91.635;973;123.838;976;89.909;976;0,004098361;0;0,00307377;0,00307377;0
201pr1002_v2_p2;49285;222.808;49361;164.892;49308;111.988;49218;95.447;49232;95.47;49361;0,001539677;0;0,001073722;0,002897024;0,002613399
201pr1002_v3_p1;993;131.408;994;100.873;995;90.642;995;106.149;994;82.398;995;0,00201005;0,001005025;0;0;0,001005025
201pr1002_v3_p2;50403;170.578;50414;129.716;50336;115.708;50346;83.424;50417;91.495;50417;0,000277684;5,95037E-05;0,001606601;0,001408255;0
201pr1002_v4_p1;1001;87.265;1001;64.838;1001;59.828;1001;54.393;1001;52.681;1001;0;0;0;0;0
201pr1002_v4_p2;50583;90.617;50583;67.447;50583;57.268;50583;54.983;50583;51.745;50583;0;0;0;0;0
20kroA100_v2_p1;83;0.178;83;0.17;83;0.184;83;0.18;83;0.244;83;0;0;0;0;0
20kroA100_v2_p2;4256;0.207;4256;0.207;4256;0.175;4256;0.183;4256;0.158;4256;0;0;0;0;0
20kroA100_v3_p1;80;0.208;80;0.229;80;0.209;80;0.22;80;0.164;80;0;0;0;0;0
20kroA100_v3_p2;4116;0.239;4116;0.207;4116;0.201;4116;0.221;4116;0.212;4116;0;0;0;0;0
20kroA100_v4_p1;83;0.236;83;0.201;83;0.194;83;0.184;83;0.184;83;0;0;0;0;0
20kroA100_v4_p2;4256;0.222;4256;0.199;4256;0.188;4256;0.185;4256;0.182;4256;0;0;0;0;0
20kroB100_v2_p1;80;0.176;80;0.146;80;0.135;80;0.135;80;0.124;80;0;0;0;0;0
20kroB100_v2_p2;3738;0.21;3738;0.17;3738;0.148;3738;0.137;3738;0.133;3738;0;0;0;0;0
20kroB100_v3_p1;72;0.286;72;0.218;72;0.218;72;0.184;72;0.186;72;0;0;0;0;0
20kroB100_v3_p2;3411;0.206;3411;0.186;3411;0.185;3411;0.17;3411;0.159;3411;0;0;0;0;0
20kroB100_v4_p1;74;0.221;74;0.193;74;0.191;74;0.182;74;0.183;74;0;0;0;0;0
20kroB100_v4_p2;3482;0.221;3482;0.192;3482;0.19;3482;0.184;3482;0.183;3482;0;0;0;0;0
20kroC100_v2_p1;75;0.194;75;0.159;75;0.147;75;0.141;75;0.141;75;0;0;0;0;0
20kroC100_v2_p2;3755;0.213;3755;0.186;3755;0.174;3755;0.164;3755;0.185;3755;0;0;0;0;0
20kroC100_v3_p1;71;0.209;71;0.186;71;0.169;71;0.173;71;0.166;71;0;0;0;0;0
20kroC100_v3_p2;3565;0.22;3565;0.175;3565;0.181;3565;0.179;3565;0.16;3565;0;0;0;0;0
20kroC100_v4_p1;71;0.221;71;0.205;71;0.194;71;0.182;71;0.182;71;0;0;0;0;0
20kroC100_v4_p2;3565;0.226;3565;0.198;3565;0.194;3565;0.189;3565;0.188;3565;0;0;0;0;0
20kroD100_v2_p1;75;0.231;75;0.199;75;0.168;75;0.155;75;0.139;75;0;0;0;0;0
20kroD100_v2_p2;3568;0.225;3568;0.191;3568;0.165;3568;0.149;3568;0.145;3568;0;0;0;0;0
20kroD100_v3_p1;64;0.233;64;0.206;64;0.172;64;0.172;64;0.169;64;0;0;0;0;0
20kroD100_v3_p2;3133;0.231;3133;0.188;3133;0.183;3133;0.174;3133;0.166;3133;0;0;0;0;0
20kroD100_v4_p1;67;0.247;67;0.201;67;0.202;67;0.195;67;0.19;67;0;0;0;0;0
20kroD100_v4_p2;3379;0.232;3379;0.203;3379;0.199;3379;0.191;3379;0.191;3379;0;0;0;0;0
20kroE100_v2_p1;66;0.181;66;0.15;66;0.136;66;0.134;66;0.126;66;0;0;0;0;0
20kroE100_v2_p2;3089;0.167;3089;0.145;3089;0.141;3089;0.134;3089;0.132;3089;0;0;0;0;0
20kroE100_v3_p1;63;0.188;63;0.158;63;0.154;63;0.151;63;0.145;63;0;0;0;0;0
20kroE100_v3_p2;2945;0.183;2945;0.165;2945;0.154;2945;0.152;2945;0.152;2945;0;0;0;0;0
20kroE100_v4_p1;66;0.247;66;0.201;66;0.2;66;0.183;66;0.171;66;0;0;0;0;0
20kroE100_v4_p2;3089;0.219;3089;0.194;3089;0.185;3089;0.18;3089;0.177;3089;0;0;0;0;0
20rat99_v2_p1;53;0.182;53;0.161;53;0.146;53;0.134;53;0.125;53;0;0;0;0;0
20rat99_v2_p2;2776;0.172;2776;0.146;2776;0.138;2776;0.133;2776;0.135;2776;0;0;0;0;0
20rat99_v3_p1;49;0.171;49;0.153;49;0.148;49;0.144;49;0.151;49;0;0;0;0;0
20rat99_v3_p2;2508;0.199;2508;0.171;2508;0.162;2508;0.157;2508;0.153;2508;0;0;0;0;0
20rat99_v4_p1;49;0.188;49;0.178;49;0.174;49;0.178;49;0.173;49;0;0;0;0;0
20rat99_v4_p2;2508;0.194;2508;0.18;2508;0.183;2508;0.175;2508;0.174;2508;0;0;0;0;0
20rd100_v2_p1;81;0.176;81;0.142;81;0.137;81;0.135;81;0.128;81;0;0;0;0;0
20rd100_v2_p2;4053;0.18;4053;0.15;4053;0.142;4060;0.142;4053;0.131;4060;0,001724138;0,001724138;0,001724138;0;0,001724138
20rd100_v3_p1;67;0.215;67;0.182;67;0.169;67;0.163;67;0.154;67;0;0;0;0;0
20rd100_v3_p2;3467;0.216;3467;0.195;3467;0.189;3467;0.159;3467;0.162;3467;0;0;0;0;0
20rd100_v4_p1;67;0.222;67;0.187;67;0.184;67;0.184;67;0.184;67;0;0;0;0;0
20rd100_v4_p2;3467;0.215;3467;0.196;3467;0.187;3467;0.187;3467;0.181;3467;0;0;0;0;0
212u1060_v2_p1;1053;178.253;1054;132.3;1053;120.806;1054;111.02;1054;78.148;1054;0,000948767;0;0,000948767;0;0
212u1060_v2_p2;53308;207.397;53322;152.786;53360;136.92;53345;114.844;53331;90.763;53360;0,000974513;0,000712144;0;0,000281109;0,000543478
212u1060_v3_p1;1058;138.982;1058;102.982;1058;98.778;1058;75.406;1058;60.392;1058;0;0;0;0;0
212u1060_v3_p2;53504;160.952;53513;118.521;53492;121.299;53517;112.701;53468;69.853;53517;0,000242913;7,47426E-05;0,000467141;0;0,000915597
212u1060_v4_p1;1059;107.595;1059;78.367;1059;71.275;1059;65.947;1059;64.045;1059;0;0;0;0;0
212u1060_v4_p2;53548;110.939;53548;80.352;53548;72.194;53548;64.481;53548;60.212;53548;0;0;0;0;0
217vm1084_v2_p1;1070;170.65;1070;118.777;1070;116.061;1070;84.58;1069;78.859;1070;0;0;0;0;0,000934579
217vm1084_v2_p2;54289;242.086;54203;165.762;54192;140.773;54259;157.923;54231;103.746;54289;0;0,001584115;0,001786734;0,000552598;0,001068356
217vm1084_v3_p1;1083;122.513;1083;102.479;1083;87.519;1083;88.337;1083;66.75;1083;0;0;0;0;0
217vm1084_v3_p2;54712;163.296;54712;122.56;54712;95.386;54712;92.454;54712;88.549;54712;0;0;0;0;0
217vm1084_v4_p1;1083;86.005;1083;71.861;1083;67.545;1083;66.654;1083;65.565;1083;0;0;0;0;0
217vm1084_v4_p2;54712;95.02;54712;75.915;54712;69.705;54712;67.271;54712;65.496;54712;0;0;0;0;0
21eil101_v2_p1;93;0.188;93;0.164;93;0.16;93;0.136;93;0.14;93;0;0;0;0;0
21eil101_v2_p2;4714;0.183;4714;0.169;4714;0.199;4714;0.14;4714;0.161;4714;0;0;0;0;0
21eil101_v3_p1;91;0.229;91;0.219;91;0.189;91;0.158;91;0.24;91;0;0;0;0;0
21eil101_v3_p2;4672;0.231;4672;0.196;4672;0.156;4672;0.154;4672;0.147;4672;0;0;0;0;0
21eil101_v4_p1;97;0.288;97;0.223;97;0.224;97;0.186;97;0.209;97;0;0;0;0;0
21eil101_v4_p2;4993;0.301;4993;0.28;4993;0.231;4993;0.233;4993;0.182;4993;0;0;0;0;0
21lin105_v2_p1;73;0.232;73;0.2;73;0.203;73;0.186;73;0.237;73;0;0;0;0;0
21lin105_v2_p2;3704;0.244;3704;0.211;3704;0.194;3704;0.187;3704;0.159;3704;0;0;0;0;0
21lin105_v3_p1;59;0.225;59;0.198;59;0.188;59;0.176;59;0.176;59;0;0;0;0;0
21lin105_v3_p2;3011;0.252;3011;0.198;3011;0.192;3011;0.182;3011;0.177;3011;0;0;0;0;0
21lin105_v4_p1;61;0.271;61;0.239;61;0.225;61;0.219;61;0.215;61;0;0;0;0;0
21lin105_v4_p2;3082;0.291;3082;0.239;3082;0.219;3082;0.207;3082;0.203;3082;0;0;0;0;0
22pr107_v2_p1;53;0.164;53;0.152;53;0.15;53;0.149;53;0.146;53;0;0;0;0;0
22pr107_v2_p2;2697;0.174;2697;0.159;2697;0.156;2697;0.152;2697;0.151;2697;0;0;0;0;0
22pr107_v3_p1;41;0.181;41;0.173;41;0.169;41;0.166;41;0.169;41;0;0;0;0;0
22pr107_v3_p2;2123;0.182;2123;0.174;2123;0.171;2123;0.168;2123;0.165;2123;0;0;0;0;0
22pr107_v4_p1;41;0.216;41;0.203;41;0.202;41;0.194;41;0.199;41;0;0;0;0;0
22pr107_v4_p2;2123;0.215;2123;0.205;2123;0.199;2123;0.2;2123;0.2;2123;0;0;0;0;0
25pr124_v2_p1;97;0.295;97;0.261;97;0.238;97;0.229;97;0.224;97;0;0;0;0;0
25pr124_v2_p2;4860;0.331;4860;0.267;4860;0.258;4860;0.238;4860;0.221;4860;0;0;0;0;0
25pr124_v3_p1;90;0.341;90;0.295;90;0.278;90;0.278;90;0.263;90;0;0;0;0;0
25pr124_v3_p2;4584;0.346;4584;0.3;4584;0.28;4584;0.274;4584;0.277;4584;0;0;0;0;0
25pr124_v4_p1;90;0.343;90;0.312;90;0.304;90;0.302;90;0.297;90;0;0;0;0;0
25pr124_v4_p2;4584;0.338;4584;0.309;4584;0.308;4584;0.309;4584;0.296;4584;0;0;0;0;0
26bier127_v2_p1;124;0.291;124;0.225;124;0.219;124;0.208;124;0.194;124;0;0;0;0;0
26bier127_v2_p2;6249;0.321;6236;0.246;6249;0.289;6249;0.304;6249;0.304;6249;0;0,002080333;0;0;0
26bier127_v3_p1;125;0.349;125;0.368;125;0.293;125;0.307;125;0.241;125;0;0;0;0;0
26bier127_v3_p2;6314;0.352;6314;0.331;6314;0.37;6314;0.334;6314;0.25;6314;0;0;0;0;0
26bier127_v4_p1;126;0.42;126;0.341;126;0.336;126;0.318;126;0.275;126;0;0;0;0;0
26bier127_v4_p2;6333;0.414;6333;0.37;6333;0.321;6333;0.293;6333;0.277;6333;0;0;0;0;0
26ch130_v2_p1;117;0.387;117;0.338;117;0.282;117;0.296;117;0.384;117;0;0;0;0;0
26ch130_v2_p2;5951;0.409;5951;0.382;5940;0.337;5934;0.313;5951;0.252;5951;0;0;0,001848429;0,002856663;0
26ch130_v3_p1;122;0.444;122;0.424;122;0.355;122;0.329;122;0.315;122;0;0;0;0;0
26ch130_v3_p2;6150;0.496;6150;0.457;6150;0.342;6150;0.337;6150;0.278;6150;0;0;0;0;0
26ch130_v4_p1;124;0.442;124;0.352;124;0.319;124;0.306;124;0.302;124;0;0;0;0;0
26ch130_v4_p2;6280;0.433;6280;0.344;6280;0.325;6280;0.308;6280;0.305;6280;0;0;0;0;0
28pr136_v2_p1;103;0.482;103;0.448;103;0.38;103;0.32;103;0.297;103;0;0;0;0;0
28pr136_v2_p2;5260;0.602;5260;0.488;5260;0.393;5260;0.364;5260;0.359;5260;0;0;0;0;0
28pr136_v3_p1;90;0.508;90;0.488;90;0.393;90;0.43;90;0.377;90;0;0;0;0;0
28pr136_v3_p2;4464;0.581;4464;0.518;4464;0.435;4464;0.416;4464;0.346;4464;0;0;0;0;0
28pr136_v4_p1;98;0.591;98;0.589;98;0.523;98;0.544;98;0.556;98;0;0;0;0;0
28pr136_v4_p2;4840;0.566;4840;0.442;4840;0.414;4840;0.387;4840;0.49;4840;0;0;0;0;0
29pr144_v2_p1;112;0.558;112;0.472;112;0.428;112;0.427;112;0.356;112;0;0;0;0;0
29pr144_v2_p2;5662;0.595;5662;0.536;5662;0.43;5662;0.413;5662;0.376;5662;0;0;0;0;0
29pr144_v3_p1;103;0.572;103;0.466;103;0.417;103;0.43;103;0.413;103;0;0;0;0;0
29pr144_v3_p2;5218;0.614;5218;0.509;5218;0.454;5218;0.418;5218;0.396;5218;0;0;0;0;0
29pr144_v4_p1;111;0.718;111;0.643;111;0.605;111;0.517;111;0.458;111;0;0;0;0;0
29pr144_v4_p2;5622;0.782;5622;0.633;5622;0.532;5622;0.456;5622;0.499;5622;0;0;0;0;0
30ch150_v2_p1;123;0.534;123;0.446;123;0.401;123;0.368;123;0.347;123;0;0;0;0;0
30ch150_v2_p2;6024;0.619;6024;0.475;6024;0.446;6024;0.388;6024;0.354;6024;0;0;0;0;0
30ch150_v3_p1;111;0.597;111;0.523;111;0.535;111;0.515;111;0.422;111;0;0;0;0;0
30ch150_v3_p2;5531;0.695;5531;0.569;5531;0.535;5531;0.445;5531;0.408;5531;0;0;0;0;0
30ch150_v4_p1;116;0.609;116;0.523;116;0.546;116;0.612;116;0.535;116;0;0;0;0;0
30ch150_v4_p2;5828;0.698;5828;0.556;5828;0.49;5828;0.462;5828;0.462;5828;0;0;0;0;0
30kroA150_v2_p1;128;0.547;128;0.438;128;0.384;128;0.345;128;0.346;128;0;0;0;0;0
30kroA150_v2_p2;6564;0.629;6564;0.537;6564;0.513;6564;0.425;6564;0.347;6564;0;0;0;0;0
30kroA150_v3_p1;125;0.657;125;0.55;125;0.594;125;0.489;125;0.456;125;0;0;0;0;0
30kroA150_v3_p2;6351;0.634;6351;0.515;6351;0.469;6351;0.416;6351;0.612;6351;0;0;0;0;0
30kroA150_v4_p1;132;0.756;132;0.569;132;0.506;132;0.463;132;0.442;132;0;0;0;0;0
30kroA150_v4_p2;6780;0.67;6780;0.524;6780;0.475;6780;0.449;6780;0.428;6780;0;0;0;0;0
30kroB150_v2_p1;136;0.571;136;0.408;136;0.463;136;0.332;136;0.319;136;0;0;0;0;0
30kroB150_v2_p2;6760;0.559;6760;0.474;6760;0.363;6760;0.349;6760;0.323;6760;0;0;0;0;0
30kroB150_v3_p1;130;0.65;130;0.507;130;0.423;130;0.397;130;0.361;130;0;0;0;0;0
30kroB150_v3_p2;6461;0.771;6461;0.597;6461;0.54;6461;0.482;6461;0.43;6461;0;0;0;0;0
30kroB150_v4_p1;137;0.704;137;0.562;137;0.479;137;0.476;137;0.41;137;0;0;0;0;0
30kroB150_v4_p2;6800;0.764;6800;0.609;6800;0.505;6800;0.444;6800;0.435;6800;0;0;0;0;0
31pr152_v2_p1;110;0.541;110;0.551;110;0.668;110;0.656;110;0.741;110;0;0;0;0;0
31pr152_v2_p2;5559;0.585;5559;0.546;5559;0.503;5559;0.554;5559;0.753;5559;0;0;0;0;0
31pr152_v3_p1;96;0.544;96;0.491;96;0.465;96;0.459;96;0.454;96;0;0;0;0;0
31pr152_v3_p2;4968;0.577;4968;0.53;4968;0.485;4968;0.482;4968;0.465;4968;0;0;0;0;0
31pr152_v4_p1;105;0.69;105;0.62;105;0.565;105;0.524;105;0.502;105;0;0;0;0;0
31pr152_v4_p2;5387;0.649;5387;0.568;5387;0.535;5387;0.517;5387;0.503;5387;0;0;0;0;0
32u159_v2_p1;127;0.777;127;0.628;127;0.616;127;0.524;127;0.504;127;0;0;0;0;0
32u159_v2_p2;6537;0.692;6540;0.583;6529;0.543;6529;0.502;6529;0.499;6540;0,000458716;0;0,001681957;0,001681957;0,001681957
32u159_v3_p1;107;0.694;107;0.681;107;0.538;107;0.501;107;0.492;107;0;0;0;0;0
32u159_v3_p2;5452;0.654;5452;0.639;5452;0.554;5452;0.501;5452;0.507;5452;0;0;0;0;0
32u159_v4_p1;109;0.807;109;0.711;109;0.656;109;0.553;109;0.551;109;0;0;0;0;0
32u159_v4_p2;5573;0.756;5573;0.643;5573;0.592;5573;0.562;5573;0.563;5573;0;0;0;0;0
39rat195_v2_p1;133;1.254;133;1.284;133;1.1;133;0.927;133;0.735;133;0;0;0;0;0
39rat195_v2_p2;6644;1.398;6644;1.316;6644;1.073;6644;1.032;6644;1.301;6644;0;0;0;0;0
39rat195_v3_p1;122;1.272;122;1.032;122;0.889;122;0.87;122;0.832;122;0;0;0;0;0
39rat195_v3_p2;6058;1.501;6058;1.389;6058;1.02;6058;0.963;6058;0.862;6058;0;0;0;0;0
39rat195_v4_p1;124;1.122;124;0.958;124;0.901;124;0.927;124;0.865;124;0;0;0;0;0
39rat195_v4_p2;6149;1.294;6149;1.146;6149;0.989;6149;1;6149;0.92;6149;0;0;0;0;0
40d198_v2_p1;125;1.031;125;0.887;125;0.883;125;0.777;125;0.671;125;0;0;0;0;0
40d198_v2_p2;6369;0.9;6369;0.844;6369;0.755;6369;0.908;6369;0.722;6369;0;0;0;0;0
40d198_v3_p1;94;0.906;94;0.791;94;0.695;94;0.656;94;0.658;94;0;0;0;0;0
40d198_v3_p2;4713;0.738;4713;0.682;4713;0.681;4713;0.66;4713;0.647;4713;0;0;0;0;0
40d198_v4_p1;94;0.804;94;0.774;94;0.752;94;0.744;94;0.743;94;0;0;0;0;0
40d198_v4_p2;4713;0.794;4713;0.753;4713;0.75;4713;0.736;4713;0.733;4713;0;0;0;0;0
40kroa200_v2_p1;187;1.245;187;1.093;187;1.035;186;0.86;186;0.963;187;0;0;0;0,005347594;0,005347594
40kroa200_v2_p2;9526;1.411;9463;1.421;9526;1.1;9465;0.806;9526;1.134;9526;0;0,006613479;0;0,006403527;0
40kroa200_v3_p1;182;1.438;182;1.169;181;1.109;182;1.047;182;1.279;182;0;0;0,005494505;0;0
40kroa200_v3_p2;9250;1.518;9250;1.421;9250;1.326;9250;1.162;9250;0.861;9250;0;0;0;0;0
40kroa200_v4_p1;191;1.384;191;1.093;191;1.099;191;0.974;191;1.299;191;0;0;0;0;0
40kroa200_v4_p2;9664;1.451;9664;1.302;9664;1.154;9664;1.146;9664;0.874;9664;0;0;0;0;0
40krob200_v2_p1;177;1.296;177;1.089;177;1.017;177;0.797;177;0.846;177;0;0;0;0;0
40krob200_v2_p2;8902;1.251;8902;1.013;8902;0.948;8902;0.874;8902;1.366;8902;0;0;0;0;0
40krob200_v3_p1;170;1.512;170;1.336;170;1.521;170;1.054;170;1.069;170;0;0;0;0;0
40krob200_v3_p2;8216;1.598;8216;1.529;8216;1.167;8216;1.152;8216;1.275;8216;0;0;0;0;0
40krob200_v4_p1;178;1.468;178;1.336;178;1.106;178;0.918;178;0.873;178;0;0;0;0;0
40krob200_v4_p2;8704;1.693;8704;1.371;8704;1.232;8704;1.196;8704;0.92;8704;0;0;0;0;0
45ts225_v2_p1;196;2.017;197;1.918;197;1.98;197;1.378;196;1.361;197;0,005076142;0;0;0;0,005076142
45ts225_v2_p2;10139;2.37;10139;2.128;10139;1.759;10139;1.922;10139;1.303;10139;0;0;0;0;0
45ts225_v3_p1;179;1.781;179;1.533;179;1.323;179;1.269;179;1.136;179;0;0;0;0;0
45ts225_v3_p2;9177;2.059;9177;1.643;9177;1.553;9177;1.499;9177;1.24;9177;0;0;0;0;0
45ts225_v4_p1;190;1.839;190;1.534;190;1.379;190;1.33;190;1.419;190;0;0;0;0;0
45ts225_v4_p2;9740;1.903;9740;1.613;9740;1.461;9740;1.626;9740;1.515;9740;0;0;0;0;0
45tsp225_v2_p1;168;1.747;168;1.707;168;1.676;168;1.677;168;1.754;168;0;0;0;0;0
45tsp225_v2_p2;8747;1.736;8618;1.657;8618;1.742;8618;1.433;8618;1.667;8747;0;0,014747914;0,014747914;0,014747914;0,014747914
45tsp225_v3_p1;150;2.098;150;2.101;150;1.795;150;1.586;150;1.151;150;0;0;0;0;0
45tsp225_v3_p2;7636;1.762;7636;1.841;7636;1.852;7636;1.528;7636;1.939;7636;0;0;0;0;0
45tsp225_v4_p1;154;1.776;154;1.957;154;1.712;154;1.683;154;1.297;154;0;0;0;0;0
45tsp225_v4_p2;7821;1.568;7821;1.649;7821;1.526;7821;1.723;7821;1.267;7821;0;0;0;0;0
46pr226_v2_p1;179;1.515;179;1.516;179;1.235;179;1.134;179;1.503;179;0;0;0;0;0
46pr226_v2_p2;8959;1.773;8959;1.621;8959;1.411;8959;1.358;8959;1.383;8959;0;0;0;0;0
46pr226_v3_p1;158;2.113;158;1.898;158;1.572;158;1.647;158;1.425;158;0;0;0;0;0
46pr226_v3_p2;7903;1.966;7903;1.821;7903;1.671;7903;1.396;7903;1.323;7903;0;0;0;0;0
46pr226_v4_p1;169;2.074;169;1.714;169;1.441;169;1.337;169;1.284;169;0;0;0;0;0
46pr226_v4_p2;8509;2.026;8509;1.642;8509;1.531;8509;1.431;8509;1.367;8509;0;0;0;0;0
53gil262_v2_p1;220;3.623;220;3.341;220;2.515;220;2.674;219;2.083;220;0;0;0;0;0,004545455
53gil262_v2_p2;11153;3.499;11197;3.351;11197;3.176;11153;2.362;11066;2.105;11197;0,003929624;0;0;0,003929624;0,011699562
53gil262_v3_p1;195;2.704;195;2.577;195;1.999;195;2.263;195;2.257;195;0;0;0;0;0
53gil262_v3_p2;9689;2.902;9689;2.734;9689;2.339;9689;2.142;9689;2.004;9689;0;0;0;0;0
53gil262_v4_p1;209;2.951;209;2.424;209;2.472;209;2.213;209;2.664;209;0;0;0;0;0
53gil262_v4_p2;10338;3.656;10338;2.854;10338;2.835;10338;2.801;10338;2.267;10338;0;0;0;0;0
53pr264_v2_p1;189;2.311;189;2.037;189;1.54;189;1.566;189;1.511;189;0;0;0;0;0
53pr264_v2_p2;9528;1.982;9528;1.611;9528;1.728;9528;1.536;9528;1.437;9528;0;0;0;0;0
53pr264_v3_p1;131;1.656;131;1.552;131;1.492;131;1.498;131;1.497;131;0;0;0;0;0
53pr264_v3_p2;6588;1.668;6588;1.567;6588;1.542;6588;1.518;6588;1.517;6588;0;0;0;0;0
53pr264_v4_p1;131;1.841;131;1.725;131;1.704;131;1.667;131;1.676;131;0;0;0;0;0
53pr264_v4_p2;6588;1.856;6588;1.775;6588;1.688;6588;1.659;6588;1.655;6588;0;0;0;0;0
56a280_v2_p1;203;3.916;206;3.558;204;3.526;203;3.803;202;3.914;206;0,014563107;0;0,009708738;0,014563107;0,019417476
56a280_v2_p2;10484;4.127;10484;3.568;10484;3.615;10540;3.366;10485;3.883;10540;0,005313093;0,005313093;0,005313093;0;0,005218216
56a280_v3_p1;179;4.134;179;3.484;179;3.015;179;2.753;179;2.559;179;0;0;0;0;0
56a280_v3_p2;9116;4.082;9116;4.302;9116;3.289;9116;4.265;9116;4.856;9116;0;0;0;0;0
56a280_v4_p1;185;3.861;185;3.678;185;3.42;185;3.059;185;2.544;185;0;0;0;0;0
56a280_v4_p2;9423;3.603;9423;3.288;9423;3.148;9423;2.934;9423;2.469;9423;0;0;0;0;0
60pr299_v2_p1;206;3.604;207;3.557;206;3.054;206;4.057;206;3.256;207;0,004830918;0;0,004830918;0,004830918;0,004830918
60pr299_v2_p2;10524;5.685;10524;6.055;10524;4.337;10592;4.247;10588;4.096;10592;0,00641994;0,00641994;0,00641994;0;0,000377644
60pr299_v3_p1;172;4.077;172;3.662;172;3.169;172;3.392;174;3.402;174;0,011494253;0,011494253;0,011494253;0,011494253;0
60pr299_v3_p2;8834;4.413;8834;4.634;8834;4.222;8834;3.955;8834;3.266;8834;0;0;0;0;0
60pr299_v4_p1;178;3.983;178;3.893;178;3.518;178;3.616;178;3;178;0;0;0;0;0
60pr299_v4_p2;9085;4.699;9085;4.45;9085;4.546;9085;4.285;9085;3.564;9085;0;0;0;0;0
64lin318_v2_p1;297;3.516;297;2.801;297;2.994;297;2.688;297;2.214;297;0;0;0;0;0
64lin318_v2_p2;15220;4.249;15220;4.075;15220;3.004;15290;2.479;15095;2.007;15290;0,004578156;0,004578156;0,004578156;0;0,012753434
64lin318_v3_p1;291;4.755;292;3.649;291;3.077;292;3.575;292;3.268;292;0,003424658;0;0,003424658;0;0
64lin318_v3_p2;14966;5.365;14924;4.653;15007;4.638;14976;3.695;14973;3.231;15007;0,002732058;0,005530752;0;0,002065703;0,002265609
64lin318_v4_p1;302;4.525;302;4.04;302;4.002;302;3.311;302;3.204;302;0;0;0;0;0
64lin318_v4_p2;15459;5.08;15459;4.116;15459;3.774;15459;2.873;15459;2.617;15459;0;0;0;0;0
80rd400_v2_p1;392;9.771;392;8.482;392;6.699;392;5.846;393;6.311;393;0,002544529;0,002544529;0,002544529;0,002544529;0
80rd400_v2_p2;19893;10.386;19903;9.17;19903;7.129;19875;8.932;19893;6.616;19903;0,000502437;0;0;0,001406823;0,000502437
80rd400_v3_p1;399;9.624;399;7.23;399;6.354;399;6.218;399;5.24;399;0;0;0;0;0
80rd400_v3_p2;20158;10.129;20158;7.953;20158;8.197;20158;8.135;20158;5.615;20158;0;0;0;0;0
80rd400_v4_p1;399;6.511;399;5.24;399;4.795;399;4.625;399;4.367;399;0;0;0;0;0
80rd400_v4_p2;20158;6.846;20158;5.329;20158;4.807;20158;4.61;20158;4.336;20158;0;0;0;0;0
84fl417_v2_p1;370;10.865;370;7.923;370;6.21;370;5.498;370;6.595;370;0;0;0;0;0
84fl417_v2_p2;19059;13.608;19042;9.819;19026;7.322;19059;10.042;19059;6.734;19059;0;0,000891967;0,001731465;0;0
84fl417_v3_p1;319;13.576;319;11.366;319;14.119;319;11.582;319;9.699;319;0;0;0;0;0
84fl417_v3_p2;16324;18.184;16327;16.057;16237;11.815;16324;9.785;16250;15.086;16327;0,000183745;0;0,005512342;0,000183745;0,004716114
84fl417_v4_p1;366;14.482;366;10.071;365;9.814;365;8.014;365;9.332;366;0;0;0,00273224;0,00273224;0,00273224
84fl417_v4_p2;18750;16.781;18770;13.725;18750;11.398;18770;16.518;18737;12.087;18770;0,00106553;0;0,00106553;0;0,001758125
88pr439_v2_p1;429;9.567;428;8.448;427;7.609;427;6.593;429;5.649;429;0;0,002331002;0,004662005;0,004662005;0
88pr439_v2_p2;21719;9.956;21561;9.135;21719;9.758;21719;9.458;21719;8.156;21719;0;0,007274736;0;0;0
88pr439_v3_p1;428;9.695;428;8.573;429;8.643;428;9.7;428;10.683;429;0,002331002;0,002331002;0;0,002331002;0,002331002
88pr439_v3_p2;21726;12.345;21701;10.078;21710;9.235;21711;8.716;21713;6.816;21726;0;0,001150695;0,000736445;0,000690417;0,000598361
88pr439_v4_p1;438;10.914;438;9.24;438;7.375;438;5.83;438;7.293;438;0;0;0;0;0
88pr439_v4_p2;22177;11.298;22177;9.315;22177;7.049;22177;5.872;22177;5.32;22177;0;0;0;0;0
89pcb442_v2_p1;416;16.721;420;13.347;419;11.479;419;13.431;417;9.176;420;0,00952381;0;0,002380952;0,002380952;0,007142857
89pcb442_v2_p2;21085;18.875;21116;14.507;21136;13.864;21181;14.631;21127;8.691;21181;0,004532364;0,003068788;0,002124546;0;0,002549455
89pcb442_v3_p1;423;17.2;424;14.319;426;11.06;426;11.502;424;10.225;426;0,007042254;0,004694836;0;0;0,004694836
89pcb442_v3_p2;21584;19.079;21468;14.176;21584;13.902;21584;13.797;21584;12.09;21584;0;0,005374351;0;0;0
89pcb442_v4_p1;438;11.884;438;11.406;438;9.297;438;8.843;438;9.713;438;0;0;0;0;0
89pcb442_v4_p2;22204;14.525;22141;12.04;22204;9.975;22204;9.134;22141;7.14;22204;0;0,002837327;0;0;0,002837327
99d493_v2_p1;459;15.389;460;15.078;460;9.584;460;12.025;460;7.939;460;0,002173913;0;0;0;0
99d493_v2_p2;23222;18.315;23248;13.681;23223;15.815;23194;9.672;23248;11.624;23248;0,001118376;0;0,001075361;0,00232278;0
99d493_v3_p1;416;17.773;415;16.021;415;13.03;415;13.915;415;8.305;416;0;0,002403846;0,002403846;0,002403846;0,002403846
99d493_v3_p2;20986;19.941;20973;19.927;20998;21.968;21056;19.965;21029;19.294;21056;0,003324468;0,003941869;0,002754559;0;0,001282295
99d493_v4_p1;457;17.961;458;13.051;458;15.776;457;10.6;457;9.12;458;0,002183406;0;0;0,002183406;0,002183406
99d493_v4_p2;22972;22.811;22971;17.472;22968;12.895;22963;16.337;22992;13.922;22992;0,000869868;0,000913361;0,001043841;0,001261308;0
;;;;;;;;;;;;;;;;
Average;;33.130;;26.404;;25.078;;23.465;;19.612;;0,000722774;0,000628494;0,000563669;0,000543149;0,000654533
