;;MASOP;;;;;VNS-SOP;;;;;BRKGA;;;
Instance;Best;Sol;Sol.Avg;Time;Gap%;;Sol;Sol.Avg;Time;Gap%;;Sol;Sol.Avg;Time;Gap%
11berlin52_T40_p1;37;37;37,0;1,86;0,00%;;37;37,0;0,28;0,00%;;37;37,0;1,24;0,00%
11eil51_T40_p1;24;24;24,0;1,98;0,00%;;24;24,0;0,26;0,00%;;24;24,0;1,26;0,00%
14st70_T40_p1;33;33;33,0;4,46;0,00%;;33;33,0;0,36;0,00%;;33;33,0;1,40;0,00%
16eil76_T40_p1;40;40;40,0;3,48;0,00%;;40;40,0;0,49;0,00%;;40;40,0;1,56;0,00%
16pr76_T40_p1;47;47;47,0;6,06;0,00%;;47;47,0;0,55;0,00%;;47;47,0;1,62;0,00%
20kroA100_T40_p1;42;42;42,0;6,29;0,00%;;42;41,6;0,81;0,00%;;42;42,0;1,74;0,00%
20kroB100_T40_p1;49;49;49,0;5,42;0,00%;;49;49,0;0,68;0,00%;;49;49,0;1,70;0,00%
20kroC100_T40_p1;42;42;42,0;5,80;0,00%;;42;42,0;0,68;0,00%;;42;42,0;1,59;0,00%
20kroD100_T40_p1;39;39;39,0;6,42;0,00%;;39;39,0;0,63;0,00%;;39;39,0;1,61;0,00%
20kroE100_T40_p1;52;52;52,0;7,77;0,00%;;52;52,0;0,69;0,00%;;52;52,0;1,52;0,00%
20rat99_T40_p1;37;37;37,0;4,70;0,00%;;37;37,0;0,57;0,00%;;37;37,0;1,42;0,00%
20rd100_T40_p1;45;45;45,0;6,82;0,00%;;45;45,0;0,68;0,00%;;45;45,0;1,70;0,00%
21eil101_T40_p1;67;67;67,0;6,41;0,00%;;67;67,0;0,95;0,00%;;67;67,0;1,93;0,00%
21lin105_T40_p1;50;50;50,0;7,62;0,00%;;50;50,0;0,71;0,00%;;50;50,0;1,56;0,00%
22pr107_T40_p1;41;41;41,0;8,73;0,00%;;41;41,0;0,61;0,00%;;41;41,0;1,76;0,00%
25pr124_T40_p1;46;46;46,0;9,00;0,00%;;46;46,0;1,00;0,00%;;46;46,0;1,95;0,00%
26bier127_T40_p1;110;110;110,0;8,53;0,00%;;110;110,0;1,93;0,00%;;110;110,0;2,95;0,00%
26ch130_T40_p1;70;70;69,8;9,76;0,00%;;70;70,0;1,22;0,00%;;70;70,0;2,36;0,00%
28pr136_T40_p1;53;53;53,0;7,61;0,00%;;53;53,0;1,34;0,00%;;53;53,0;1,96;0,00%
29pr144_T40_p1;60;60;60,0;9,47;0,00%;;60;60,0;1,20;0,00%;;60;60,0;2,10;0,00%
30ch150_T40_p1;61;61;59,8;2,35;0,00%;;61;61,0;1,60;0,00%;;61;61,0;2,05;0,00%
30kroA150_T40_p1;58;58;58,0;9,02;0,00%;;58;58,0;1,67;0,00%;;58;58,0;2,23;0,00%
30kroB150_T40_p1;66;66;66,0;7,88;0,00%;;66;65,9;1,58;0,00%;;66;66,0;2,43;0,00%
31pr152_T40_p1;57;57;57,0;8,95;0,00%;;57;57,0;1,11;0,00%;;57;57,0;1,97;0,00%
32u159_T40_p1;76;76;76,0;11,93;0,00%;;76;76,0;2,07;0,00%;;76;76,0;2,37;0,00%
39rat195_T40_p1;71;71;71,0;13,53;0,00%;;71;71,0;2,32;0,00%;;71;71,0;2,45;0,00%
40d198_T40_p1;70;67;67,0;9,99;4,29%;;70;70,0;1,88;0,00%;;67;67,0;1,94;4,29%
40kroa200_T40_p1;92;92;92,0;14,36;0,00%;;92;92,0;2,93;0,00%;;92;92,0;3,12;0,00%
40krob200_T40_p1;87;87;87,0;10,79;0,00%;;87;87,0;3,00;0,00%;;87;87,0;3,09;0,00%
45ts225_T40_p1;101;101;101,0;11,76;0,00%;;101;101,0;4,20;0,00%;;101;101,0;3,15;0,00%
45tsp225_T40_p1;80;80;80,0;12,86;0,00%;;80;80,0;3,25;0,00%;;80;80,0;2,71;0,00%
46pr226_T40_p1;86;86;85,4;15,04;0,00%;;86;86,0;2,82;0,00%;;86;86,0;2,87;0,00%
53gil262_T40_p1;105;105;104,8;19,42;0,00%;;105;104,2;5,54;0,00%;;105;104,7;5,06;0,00%
53pr264_T40_p1;128;128;128,0;36,52;0,00%;;128;128,0;5,21;0,00%;;127;127,0;3,56;0,78%
56a280_T40_p1;107;107;107,0;19,05;0,00%;;106;105,1;5,59;0,93%;;107;107,0;3,64;0,00%
60pr299_T40_p1;131;131;131,0;29,18;0,00%;;131;130,6;6,72;0,00%;;131;131,0;4,02;0,00%
64lin318_T40_p1;169;169;169,0;28,91;0,00%;;169;168,8;9,28;0,00%;;169;169,0;7,49;0,00%
80rd400_T40_p1;209;208;206,5;65,05;0,48%;;209;208,2;16,41;0,00%;;208;207,6;11,41;0,48%
84fl417_T40_p1;201;201;175,5;48,04;0,00%;;201;201,0;14,48;0,00%;;201;200,6;11,10;0,00%
88pr439_T40_p1;335;334;333,9;72,11;0,30%;;333;332,4;33,97;0,60%;;334;329,0;20,61;0,30%
89pcb442_T40_p1;224;223;222,2;65,88;0,45%;;223;220,9;24,85;0,45%;;224;221,9;14,24;0,00%
99d493_T40_p1;278;278;277,7;92,11;0,00%;;278;275,9;25,43;0,00%;;278;278,0;16,12;0,00%
115rat575_T40_p1;264;262;259,5;191,49;0,76%;;264;258,9;36,52;0,00%;;264;260,9;20,56;0,00%
115u574_T40_p1;275;275;270,2;122,31;0,00%;;270;265,1;39,34;1,82%;;274;269,7;22,66;0,36%
131p654_T40_p1;315;315;315,0;193,36;0,00%;;315;315,0;39,78;0,00%;;315;313,0;25,53;0,00%
132d657_T40_p1;308;304;303,0;246,39;1,30%;;300;295,0;46,75;2,60%;;305;299,3;27,65;0,97%
145u724_T40_p1;326;324;321,8;173,22;0,61%;;315;303,1;64,94;3,37%;;323;317,0;35,69;0,92%
157rat783_T40_p1;349;348;344,9;225,44;0,29%;;346;331,2;80,92;0,86%;;349;342,8;42,93;0,00%
201pr1002_T40_p1;536;535;532,6;652,11;0,19%;;519;491,4;149,37;3,17%;;535;507,2;88,97;0,19%
212u1060_T40_p1;563;559;532,8;723,77;0,71%;;535;521,2;187,21;4,97%;;563;538,0;108,07;0,00%
217vm1084_T40_p1;672;666;656,9;463,80;0,89%;;574;551,9;227,34;14,58%;;663;655,6;97,41;1,34%
11berlin52_T40_p2;1829;1829;1829,0;1,87;0,00%;;1829;1829,0;0,29;0,00%;;1829;1829,0;1,23;0,00%
11eil51_T40_p2;1279;1279;1279,0;2,09;0,00%;;1279;1279,0;0,26;0,00%;;1279;1279,0;1,34;0,00%
14st70_T40_p2;1672;1672;1672,0;4,39;0,00%;;1672;1672,0;0,40;0,00%;;1672;1672,0;1,48;0,00%
16eil76_T40_p2;2223;2223;2223,0;4,92;0,00%;;2223;2223,0;0,51;0,00%;;2223;2223,0;1,38;0,00%
16pr76_T40_p2;2449;2449;2449,0;5,96;0,00%;;2449;2449,0;0,56;0,00%;;2449;2449,0;1,58;0,00%
20kroA100_T40_p2;2151;2151;2151,0;6,42;0,00%;;2151;2151,0;0,66;0,00%;;2151;2151,0;1,68;0,00%
20kroB100_T40_p2;2431;2202;2202,0;2,14;9,42%;;2431;2431,0;0,66;0,00%;;2431;2431,0;1,68;0,00%
20kroC100_T40_p2;2174;2174;2174,0;5,57;0,00%;;2174;2174,0;0,67;0,00%;;2174;2174,0;1,57;0,00%
20kroD100_T40_p2;1740;1740;1740,0;6,07;0,00%;;1740;1740,0;0,63;0,00%;;1740;1740,0;1,58;0,00%
20kroE100_T40_p2;2415;2415;2415,0;7,62;0,00%;;2415;2415,0;0,69;0,00%;;2415;2415,0;1,42;0,00%
20rat99_T40_p2;1905;1905;1905,0;4,76;0,00%;;1905;1905,0;0,56;0,00%;;1905;1905,0;1,47;0,00%
20rd100_T40_p2;2228;2228;2228,0;6,54;0,00%;;2228;2228,0;0,69;0,00%;;2228;2228,0;1,63;0,00%
21eil101_T40_p2;3365;3365;3365,0;7,10;0,00%;;3365;3365,0;0,99;0,00%;;3365;3365,0;1,87;0,00%
21lin105_T40_p2;2489;2489;2489,0;7,94;0,00%;;2489;2489,0;0,72;0,00%;;2489;2489,0;1,49;0,00%
22pr107_T40_p2;2123;2123;2123,0;8,42;0,00%;;2123;2123,0;0,63;0,00%;;2123;2123,0;1,65;0,00%
25pr124_T40_p2;2302;2302;2302,0;7,29;0,00%;;2302;2302,0;1,08;0,00%;;2302;2302,0;1,88;0,00%
26bier127_T40_p2;5420;5420;5420,0;10,35;0,00%;;5420;5420,0;1,94;0,00%;;5420;5420,0;3,15;0,00%
26ch130_T40_p2;3423;3423;3412,2;6,84;0,00%;;3423;3423,0;1,36;0,00%;;3423;3419,4;2,41;0,00%
28pr136_T40_p2;2699;2699;2699,0;7,80;0,00%;;2699;2691,6;1,38;0,00%;;2699;2699,0;1,91;0,00%
29pr144_T40_p2;3055;3055;3055,0;10,13;0,00%;;3055;3055,0;1,22;0,00%;;3055;3055,0;2,08;0,00%
30ch150_T40_p2;3131;3078;3076,1;9,89;1,69%;;3131;3131,0;1,54;0,00%;;3078;3078,0;2,11;1,69%
30kroA150_T40_p2;3039;3039;3039,0;10,01;0,00%;;3039;3039,0;1,61;0,00%;;3039;3039,0;2,27;0,00%
30kroB150_T40_p2;3172;3172;3172,0;9,02;0,00%;;3172;3172,0;1,67;0,00%;;3172;3172,0;2,38;0,00%
31pr152_T40_p2;2915;2915;2915,0;9,15;0,00%;;2915;2915,0;1,12;0,00%;;2915;2915,0;1,94;0,00%
32u159_T40_p2;4002;4002;4002,0;10,41;0,00%;;4002;4000,8;1,95;0,00%;;4002;4002,0;2,28;0,00%
39rat195_T40_p2;3656;3656;3656,0;14,73;0,00%;;3656;3656,0;2,33;0,00%;;3656;3656,0;2,42;0,00%
40d198_T40_p2;3595;3400;3400,0;10,30;5,42%;;3595;3595,0;1,96;0,00%;;3400;3400,0;1,90;5,42%
40kroa200_T40_p2;4550;4550;4550,0;15,76;0,00%;;4550;4550,0;3,05;0,00%;;4550;4550,0;3,11;0,00%
40krob200_T40_p2;4348;4348;4348,0;12,58;0,00%;;4348;4348,0;3,07;0,00%;;4348;4348,0;3,00;0,00%
45ts225_T40_p2;5037;5037;5037,0;18,16;0,00%;;5037;4945,0;4,63;0,00%;;5037;5037,0;3,49;0,00%
45tsp225_T40_p2;4297;4297;4297,0;16,11;0,00%;;4297;4297,0;3,16;0,00%;;4297;4297,0;2,72;0,00%
46pr226_T40_p2;4403;4403;4394,6;14,74;0,00%;;4403;4403,0;2,68;0,00%;;4403;4403,0;2,85;0,00%
53gil262_T40_p2;5330;5330;5330,0;20,92;0,00%;;5330;5284,9;5,76;0,00%;;5330;5330,0;5,03;0,00%
53pr264_T40_p2;6423;6423;6423,0;38,43;0,00%;;6423;6423,0;5,35;0,00%;;6397;6383,5;3,55;0,40%
56a280_T40_p2;5630;5630;5611,3;23,15;0,00%;;5630;5605,0;6,30;0,00%;;5630;5606,3;4,00;0,00%
60pr299_T40_p2;6600;6600;6600,0;31,91;0,00%;;6600;6600,0;6,91;0,00%;;6600;6600,0;4,26;0,00%
64lin318_T40_p2;8600;8600;8600,0;35,88;0,00%;;8600;8593,1;7,19;0,00%;;8600;8600,0;7,18;0,00%
80rd400_T40_p2;10966;10825;10752,3;59,59;1,29%;;10966;10858,8;16,91;0,00%;;10874;10816,6;12,76;0,84%
84fl417_T40_p2;10163;10133;9375,4;46,73;0,30%;;10163;10119,6;14,93;0,00%;;10133;10123,4;12,43;0,30%
88pr439_T40_p2;17082;17037;17013,5;121,16;0,26%;;17022;16804,6;31,13;0,35%;;17082;16944,6;22,85;0,00%
89pcb442_T40_p2;11627;11565;11546,3;79,99;0,53%;;11627;11502,1;22,27;0,00%;;11627;11587,6;14,91;0,00%
99d493_T40_p2;14131;14131;14083,3;83,23;0,00%;;13992;13992,0;25,16;0,98%;;14131;14131,0;15,21;0,00%
115rat575_T40_p2;13367;13300;13203,0;296,66;0,50%;;13203;12950,8;41,04;1,23%;;13367;13293,0;21,88;0,00%
115u574_T40_p2;14046;13969;13739,6;124,07;0,55%;;13782;13407,2;37,37;1,88%;;14046;13823,3;23,32;0,00%
131p654_T40_p2;16003;16003;16003,0;260,42;0,00%;;15983;15958,9;35,53;0,12%;;16003;15902,5;25,67;0,00%
132d657_T40_p2;15903;15855;15790,2;311,43;0,30%;;15141;14633,2;46,81;4,79%;;15903;15738,4;27,51;0,00%
145u724_T40_p2;17230;17230;17127,2;216,07;0,00%;;16616;15998,6;69,03;3,56%;;17094;16974,3;36,05;0,79%
157rat783_T40_p2;18216;18018;17720,8;315,26;1,09%;;17889;17088,8;73,92;1,80%;;18216;17838,8;44,28;0,00%
201pr1002_T40_p2;27275;26239;26086,2;766,51;3,80%;;25357;24632,4;149,33;7,03%;;27189;26369,8;89,40;0,32%
212u1060_T40_p2;28221;27348;26638,9;771,67;3,09%;;26463;25952,5;181,95;6,23%;;28221;27458,3;110,62;0,00%
217vm1084_T40_p2;34398;34291;33818,5;710,76;0,31%;;31473;27875,1;217,37;8,50%;;34398;33799,6;95,07;0,00%
11berlin52_T60_p1;43;43;43,0;2,40;0,00%;;43;43,0;0,37;0,00%;;43;43,0;1,42;0,00%
11eil51_T60_p1;39;39;39,0;5,41;0,00%;;39;39,0;0,34;0,00%;;39;39,0;1,51;0,00%
14st70_T60_p1;50;50;50,0;4,68;0,00%;;50;50,0;0,53;0,00%;;50;50,0;1,72;0,00%
16eil76_T60_p1;59;59;58,8;3,60;0,00%;;59;59,0;0,67;0,00%;;59;59,0;1,92;0,00%
16pr76_T60_p1;65;65;65,0;7,89;0,00%;;65;65,0;0,78;0,00%;;65;65,0;2,04;0,00%
20kroA100_T60_p1;65;65;65,0;7,87;0,00%;;65;65,0;0,90;0,00%;;65;65,0;2,12;0,00%
20kroB100_T60_p1;66;66;66,0;8,51;0,00%;;66;66,0;0,90;0,00%;;66;66,0;2,11;0,00%
20kroC100_T60_p1;62;62;62,0;6,63;0,00%;;62;62,0;1,01;0,00%;;62;62,0;2,14;0,00%
20kroD100_T60_p1;64;64;64,0;10,15;0,00%;;64;64,0;0,89;0,00%;;64;64,0;2,29;0,00%
20kroE100_T60_p1;63;63;63,0;7,36;0,00%;;63;63,0;0,95;0,00%;;63;63,0;2,03;0,00%
20rat99_T60_p1;52;52;52,0;8,71;0,00%;;52;52,0;0,84;0,00%;;52;52,0;1,81;0,00%
20rd100_T60_p1;72;72;72,0;2,49;0,00%;;72;72,0;1,05;0,00%;;72;72,0;2,23;0,00%
21eil101_T60_p1;82;82;82,0;7,62;0,00%;;82;82,0;1,29;0,00%;;82;82,0;2,41;0,00%
21lin105_T60_p1;78;78;78,0;9,84;0,00%;;78;78,0;1,04;0,00%;;78;78,0;2,03;0,00%
22pr107_T60_p1;53;53;53,0;12,74;0,00%;;53;53,0;0,94;0,00%;;53;53,0;1,87;0,00%
25pr124_T60_p1;75;75;75,0;12,14;0,00%;;75;75,0;1,43;0,00%;;75;75,0;2,48;0,00%
26bier127_T60_p1;118;118;117,8;5,30;0,00%;;118;118,0;2,90;0,00%;;118;117,8;3,70;0,00%
26ch130_T60_p1;99;98;98,0;5,95;1,01%;;99;99,0;2,60;0,00%;;98;98,0;2,81;1,01%
28pr136_T60_p1;89;89;89,0;8,51;0,00%;;89;89,0;1,93;0,00%;;89;89,0;2,71;0,00%
29pr144_T60_p1;98;98;98,0;7,31;0,00%;;98;97,9;1,70;0,00%;;98;98,0;3,06;0,00%
30ch150_T60_p1;96;96;96,0;8,96;0,00%;;96;95,4;2,28;0,00%;;96;96,0;2,94;0,00%
30kroA150_T60_p1;90;90;90,0;10,45;0,00%;;90;89,0;2,19;0,00%;;90;90,0;2,90;0,00%
30kroB150_T60_p1;105;105;105,0;8,31;0,00%;;105;103,7;2,89;0,00%;;105;103,9;3,49;0,00%
31pr152_T60_p1;105;105;105,0;12,17;0,00%;;105;105,0;1,44;0,00%;;105;105,0;3,14;0,00%
32u159_T60_p1;114;114;114,0;10,97;0,00%;;114;114,0;2,48;0,00%;;114;114,0;3,10;0,00%
39rat195_T60_p1;118;118;117,8;18,24;0,00%;;118;117,3;3,57;0,00%;;118;117,4;3,71;0,00%
40d198_T60_p1;160;160;160,0;17,41;0,00%;;160;160,0;5,23;0,00%;;160;159,6;4,46;0,00%
40kroa200_T60_p1;142;142;141,7;18,08;0,00%;;142;141,1;5,06;0,00%;;142;141,4;4,72;0,00%
40krob200_T60_p1;138;138;137,3;15,13;0,00%;;138;137,1;6,03;0,00%;;138;137,4;5,04;0,00%
45ts225_T60_p1;152;152;151,1;6,40;0,00%;;152;151,0;7,82;0,00%;;152;151,2;5,09;0,00%
45tsp225_T60_p1;147;146;146,0;21,47;0,68%;;147;146,3;4,90;0,00%;;146;145,7;5,95;0,68%
46pr226_T60_p1;162;162;162,0;10,20;0,00%;;162;161,4;5,69;0,00%;;162;162,0;5,16;0,00%
53gil262_T60_p1;177;176;176,0;17,56;0,56%;;176;173,3;8,63;0,56%;;177;175,9;8,01;0,00%
53pr264_T60_p1;162;162;161,5;29,49;0,00%;;162;160,4;7,40;0,00%;;162;161,4;7,05;0,00%
56a280_T60_p1;164;164;163,5;23,80;0,00%;;164;163,8;9,33;0,00%;;164;161,9;8,24;0,00%
60pr299_T60_p1;187;187;187,0;25,48;0,00%;;177;175,0;9,39;5,35%;;187;187,0;8,35;0,00%
64lin318_T60_p1;256;256;255,1;21,96;0,00%;;256;249,4;15,80;0,00%;;256;255,1;12,70;0,00%
80rd400_T60_p1;295;291;288,5;41,04;1,36%;;294;287,5;24,83;0,34%;;295;286,4;18,44;0,00%
84fl417_T60_p1;288;288;285,9;35,30;0,00%;;286;254,3;17,73;0,69%;;288;284,9;15,60;0,00%
88pr439_T60_p1;385;385;384,1;47,22;0,00%;;385;383,5;36,33;0,00%;;384;382,7;28,59;0,26%
89pcb442_T60_p1;327;325;322,8;58,24;0,61%;;326;314,1;34,08;0,31%;;323;319,0;21,98;1,22%
99d493_T60_p1;406;406;404,1;82,79;0,00%;;402;399,1;67,96;0,99%;;405;399,6;36,15;0,25%
115rat575_T60_p1;396;396;391,6;102,67;0,00%;;392;377,9;59,25;1,01%;;394;383,2;34,82;0,51%
115u574_T60_p1;444;442;441,0;77,04;0,45%;;435;427,2;69,96;2,03%;;440;434,1;40,98;0,90%
131p654_T60_p1;529;529;528,9;118,69;0,00%;;476;470,4;40,17;10,02%;;529;518,1;48,26;0,00%
132d657_T60_p1;478;478;474,1;145,54;0,00%;;463;456,6;91,08;3,14%;;468;459,3;51,98;2,09%
145u724_T60_p1;514;514;510,9;120,72;0,00%;;494;476,6;114,56;3,89%;;508;502,2;59,95;1,17%
157rat783_T60_p1;524;524;517,4;257,50;0,00%;;515;495,4;130,95;1,72%;;521;503,5;69,64;0,57%
201pr1002_T60_p1;770;770;762,6;249,39;0,00%;;736;716,3;268,70;4,42%;;751;740,5;156,37;2,47%
212u1060_T60_p1;827;827;821,8;285,05;0,00%;;790;753,6;305,65;4,47%;;812;790,9;185,13;1,81%
217vm1084_T60_p1;871;871;867,3;269,00;0,00%;;822;779,0;410,45;5,63%;;860;834,8;144,19;1,26%
11berlin52_T60_p2;2190;2190;2190,0;3,03;0,00%;;2190;2190,0;0,37;0,00%;;2190;2190,0;1,44;0,00%
11eil51_T60_p2;1911;1911;1911,0;5,14;0,00%;;1911;1911,0;0,35;0,00%;;1911;1911,0;1,45;0,00%
14st70_T60_p2;2589;2589;2589,0;7,02;0,00%;;2589;2589,0;0,53;0,00%;;2589;2589,0;1,70;0,00%
16eil76_T60_p2;3119;3119;3119,0;5,30;0,00%;;3119;3119,0;0,68;0,00%;;3119;3119,0;1,91;0,00%
16pr76_T60_p2;3275;3275;3275,0;8,22;0,00%;;3275;3275,0;0,80;0,00%;;3275;3275,0;2,05;0,00%
20kroA100_T60_p2;3192;3192;3192,0;6,36;0,00%;;3192;3192,0;0,94;0,00%;;3192;3192,0;2,11;0,00%
20kroB100_T60_p2;3203;3203;3203,0;7,80;0,00%;;3203;3203,0;0,92;0,00%;;3203;3203,0;2,11;0,00%
20kroC100_T60_p2;3110;3110;3110,0;6,20;0,00%;;3110;3110,0;0,96;0,00%;;3110;3110,0;2,12;0,00%
20kroD100_T60_p2;3133;3133;3133,0;10,74;0,00%;;3133;3133,0;0,90;0,00%;;3133;3133,0;2,11;0,00%
20kroE100_T60_p2;2950;2950;2950,0;8,08;0,00%;;2950;2950,0;0,97;0,00%;;2950;2950,0;2,01;0,00%
20rat99_T60_p2;2643;2643;2643,0;8,01;0,00%;;2643;2643,0;0,87;0,00%;;2643;2643,0;1,83;0,00%
20rd100_T60_p2;3591;3585;3585,0;5,22;0,17%;;3591;3588,0;1,33;0,00%;;3585;3585,0;2,23;0,17%
21eil101_T60_p2;4187;4187;4186,2;8,81;0,00%;;4187;4185,0;1,50;0,00%;;4187;4187,0;2,46;0,00%
21lin105_T60_p2;3955;3955;3955,0;9,33;0,00%;;3955;3955,0;1,05;0,00%;;3955;3955,0;2,01;0,00%
22pr107_T60_p2;2697;2697;2697,0;12,51;0,00%;;2697;2697,0;0,96;0,00%;;2697;2697,0;1,72;0,00%
25pr124_T60_p2;3763;3763;3763,0;11,44;0,00%;;3763;3763,0;1,49;0,00%;;3763;3763,0;2,46;0,00%
26bier127_T60_p2;5882;5882;5882,0;9,54;0,00%;;5882;5882,0;2,82;0,00%;;5882;5882,0;3,95;0,00%
26ch130_T60_p2;5123;5123;5123,0;4,98;0,00%;;5123;5123,0;1,62;0,00%;;5123;5123,0;2,80;0,00%
28pr136_T60_p2;4579;4579;4579,0;9,18;0,00%;;4579;4579,0;1,85;0,00%;;4579;4579,0;2,76;0,00%
29pr144_T60_p2;4947;4947;4947,0;7,57;0,00%;;4947;4916,4;1,65;0,00%;;4947;4947,0;3,09;0,00%
30ch150_T60_p2;4825;4825;4825,0;9,17;0,00%;;4825;4819,0;2,40;0,00%;;4825;4825,0;3,32;0,00%
30kroA150_T60_p2;4542;4542;4542,0;10,79;0,00%;;4542;4469,4;2,20;0,00%;;4542;4542,0;2,97;0,00%
30kroB150_T60_p2;5123;5123;5123,0;9,58;0,00%;;5120;5079,6;3,14;0,06%;;5123;5121,5;3,58;0,00%
31pr152_T60_p2;5235;5235;5235,0;11,98;0,00%;;5235;5235,0;1,49;0,00%;;5235;5235,0;3,12;0,00%
32u159_T60_p2;5906;5906;5906,0;11,04;0,00%;;5906;5906,0;2,54;0,00%;;5906;5906,0;3,12;0,00%
39rat195_T60_p2;5846;5846;5839,1;18,88;0,00%;;5846;5829,2;4,60;0,00%;;5846;5846,0;3,95;0,00%
40d198_T60_p2;8102;8102;8102,0;17,41;0,00%;;8102;8102,0;5,84;0,00%;;8102;8102,0;4,92;0,00%
40kroa200_T60_p2;7105;7105;7104,6;17,36;0,00%;;7105;7062,4;4,90;0,00%;;7105;7104,6;4,83;0,00%
40krob200_T60_p2;6943;6943;6943,0;14,57;0,00%;;6943;6884,8;6,01;0,00%;;6943;6940,0;5,11;0,00%
45ts225_T60_p2;7948;7948;7896,7;8,89;0,00%;;7948;7853,5;7,26;0,00%;;7948;7918,2;5,28;0,00%
45tsp225_T60_p2;7603;7603;7603,0;19,03;0,00%;;7603;7584,0;4,94;0,00%;;7603;7603,0;5,49;0,00%
46pr226_T60_p2;8280;8280;8280,0;12,60;0,00%;;8280;8233,0;4,82;0,00%;;8280;8280,0;5,25;0,00%
53gil262_T60_p2;8864;8864;8854,6;34,77;0,00%;;8864;8862,4;8,60;0,00%;;8864;8863,4;8,15;0,00%
53pr264_T60_p2;8404;8404;8404,0;30,08;0,00%;;8404;8397,0;7,24;0,00%;;8404;8404,0;6,59;0,00%
56a280_T60_p2;8470;8470;8468,1;25,79;0,00%;;8470;8330,7;9,65;0,00%;;8470;8468,1;8,01;0,00%
60pr299_T60_p2;9544;9544;9544,0;23,69;0,00%;;9495;8939,9;10,58;0,51%;;9544;9496,3;8,22;0,00%
64lin318_T60_p2;13188;13188;13188,0;21,22;0,00%;;13185;13038,3;14,97;0,02%;;13188;13188,0;12,46;0,00%
80rd400_T60_p2;15147;15051;14983,9;38,14;0,63%;;15147;15009,8;21,94;0,00%;;15118;14901,9;18,79;0,19%
84fl417_T60_p2;14937;14937;14937,0;43,20;0,00%;;14812;12890,8;16,79;0,84%;;14937;14826,8;16,42;0,00%
88pr439_T60_p2;19642;19640;19613,2;82,12;0,01%;;19601;19489,7;40,23;0,21%;;19642;19516,9;29,84;0,00%
89pcb442_T60_p2;16644;16523;16455,4;61,87;0,73%;;16341;16099,6;35,83;1,82%;;16644;16463,7;23,47;0,00%
99d493_T60_p2;20584;20574;20481,5;74,17;0,05%;;20348;20060,5;61,42;1,15%;;20376;20216,1;35,20;1,01%
115rat575_T60_p2;20062;19962;19817,6;103,39;0,50%;;19811;18977,7;63,52;1,25%;;19933;19530,3;36,29;0,64%
115u574_T60_p2;22685;22606;22149,3;75,50;0,35%;;21688;20976,8;63,78;4,39%;;22542;22032,8;40,54;0,63%
131p654_T60_p2;26905;26905;26904,4;134,53;0,00%;;26636;24064,8;49,55;1,00%;;26905;25828,1;46,93;0,00%
132d657_T60_p2;24186;24132;24013,7;146,78;0,22%;;23867;23225,9;91,32;1,32%;;24135;23644,3;50,31;0,21%
145u724_T60_p2;26564;26510;26302,3;173,86;0,20%;;25459;24562,6;111,10;4,16%;;26564;25945,0;60,15;0,00%
157rat783_T60_p2;26883;26740;26516,8;210,35;0,53%;;25512;25076,3;138,19;5,10%;;26739;25794,7;70,60;0,54%
201pr1002_T60_p2;39262;39123;38537,7;231,66;0,35%;;37133;36207,1;264,15;5,42%;;38336;37611,0;155,51;2,36%
212u1060_T60_p2;41533;41362;41042,7;434,21;0,41%;;38921;37879,5;348,27;6,29%;;40311;39577,9;184,72;2,94%
217vm1084_T60_p2;44641;44573;44325,9;341,70;0,15%;;41730;40052,2;365,50;6,52%;;43938;42925,3;146,62;1,57%
11berlin52_T80_p1;47;47;47,0;7,76;0,00%;;47;47,0;0,42;0,00%;;47;47,0;1,67;0,00%
11eil51_T80_p1;43;43;43,0;2,93;0,00%;;43;43,0;0,42;0,00%;;43;43,0;1,65;0,00%
14st70_T80_p1;65;65;65,0;9,24;0,00%;;65;65,0;0,64;0,00%;;65;64,8;2,02;0,00%
16eil76_T80_p1;69;69;69,0;4,03;0,00%;;69;69,0;0,81;0,00%;;69;69,0;2,42;0,00%
16pr76_T80_p1;72;71;71,0;3,71;1,39%;;72;71,7;1,12;0,00%;;72;72,0;2,49;0,00%
20kroA100_T80_p1;79;79;79,0;7,81;0,00%;;79;78,6;1,50;0,00%;;79;78,9;2,62;0,00%
20kroB100_T80_p1;86;86;86,0;7,72;0,00%;;86;86,0;1,10;0,00%;;86;86,0;2,50;0,00%
20kroC100_T80_p1;83;83;83,0;8,58;0,00%;;83;83,0;1,25;0,00%;;83;83,0;2,46;0,00%
20kroD100_T80_p1;85;85;85,0;9,56;0,00%;;85;85,0;1,28;0,00%;;85;85,0;2,43;0,00%
20kroE100_T80_p1;80;80;80,0;3,32;0,00%;;80;80,0;1,38;0,00%;;80;80,0;2,45;0,00%
20rat99_T80_p1;79;79;79,0;9,88;0,00%;;79;79,0;1,19;0,00%;;79;78,4;2,62;0,00%
20rd100_T80_p1;91;91;91,0;10,74;0,00%;;91;91,0;1,42;0,00%;;91;91,0;2,86;0,00%
21eil101_T80_p1;91;91;91,0;7,71;0,00%;;91;91,0;1,44;0,00%;;91;91,0;3,01;0,00%
21lin105_T80_p1;90;90;90,0;9,88;0,00%;;90;90,0;1,19;0,00%;;90;90,0;2,61;0,00%
22pr107_T80_p1;65;65;65,0;4,04;0,00%;;65;65,0;0,86;0,00%;;65;65,0;2,41;0,00%
25pr124_T80_p1;99;99;99,0;10,63;0,00%;;99;99,0;1,66;0,00%;;99;99,0;3,02;0,00%
26bier127_T80_p1;123;123;123,0;7,64;0,00%;;123;123,0;3,05;0,00%;;123;122,8;4,32;0,00%
26ch130_T80_p1;117;115;114,7;4,87;1,71%;;117;116,8;2,21;0,00%;;115;115,0;3,41;1,71%
28pr136_T80_p1;123;123;122,7;7,03;0,00%;;123;123,0;2,77;0,00%;;123;123,0;3,56;0,00%
29pr144_T80_p1;125;125;125,0;4,86;0,00%;;125;124,1;2,29;0,00%;;125;125,0;3,50;0,00%
30ch150_T80_p1;127;127;126,8;7,85;0,00%;;127;126,9;3,58;0,00%;;127;127,0;3,76;0,00%
30kroA150_T80_p1;120;120;120,0;9,44;0,00%;;120;119,6;2,99;0,00%;;120;120,0;3,69;0,00%
30kroB150_T80_p1;138;138;138,0;6,69;0,00%;;138;137,8;3,48;0,00%;;138;138,0;3,91;0,00%
31pr152_T80_p1;118;118;118,0;10,44;0,00%;;115;115,0;1,83;2,54%;;118;116,5;3,76;0,00%
32u159_T80_p1;140;140;140,0;9,90;0,00%;;140;140,0;3,76;0,00%;;140;140,0;4,10;0,00%
39rat195_T80_p1;167;167;167,0;12,44;0,00%;;167;167,0;6,40;0,00%;;167;167,0;5,00;0,00%
40d198_T80_p1;171;171;171,0;32,96;0,00%;;171;171,0;7,84;0,00%;;171;171,0;5,24;0,00%
40kroa200_T80_p1;184;184;184,0;13,24;0,00%;;184;183,7;5,14;0,00%;;184;184,0;6,16;0,00%
40krob200_T80_p1;179;179;178,1;16,74;0,00%;;179;177,1;7,45;0,00%;;179;177,3;6,34;0,00%
45ts225_T80_p1;193;188;187,1;4,80;2,59%;;192;188,5;9,21;0,52%;;193;188,5;6,44;0,00%
45tsp225_T80_p1;198;196;195,9;19,04;1,01%;;198;197,9;7,48;0,00%;;196;195,8;8,15;1,01%
46pr226_T80_p1;213;213;213,0;12,86;0,00%;;213;213,0;5,13;0,00%;;213;213,0;7,68;0,00%
53gil262_T80_p1;226;226;225,0;17,39;0,00%;;226;225,0;10,69;0,00%;;226;224,5;10,80;0,00%
53pr264_T80_p1;238;238;238,0;23,72;0,00%;;233;233,0;5,96;2,10%;;238;237,5;11,96;0,00%
56a280_T80_p1;232;232;231,8;23,05;0,00%;;232;228,7;12,27;0,00%;;232;231,3;12,48;0,00%
60pr299_T80_p1;270;270;269,5;26,29;0,00%;;269;267,3;15,83;0,37%;;270;269,2;14,44;0,00%
64lin318_T80_p1;295;295;294,1;22,17;0,00%;;295;291,5;17,79;0,00%;;295;291,8;16,95;0,00%
80rd400_T80_p1;364;363;360,7;37,22;0,27%;;359;354,3;36,63;1,37%;;356;350,6;24,71;2,20%
84fl417_T80_p1;399;399;398,8;67,36;0,00%;;399;395,1;20,87;0,00%;;398;397,4;24,36;0,25%
88pr439_T80_p1;419;419;418,9;80,23;0,00%;;415;412,5;38,09;0,95%;;414;412,1;33,66;1,19%
89pcb442_T80_p1;402;401;399,2;53,78;0,25%;;394;385,4;44,48;1,99%;;399;389,5;30,06;0,75%
99d493_T80_p1;468;468;467,0;44,04;0,00%;;467;458,6;74,60;0,21%;;466;462,1;45,72;0,43%
115rat575_T80_p1;498;495;493,0;79,36;0,60%;;487;478,1;80,53;2,21%;;486;478,2;47,94;2,41%
115u574_T80_p1;540;539;537,4;87,25;0,19%;;533;527,2;102,86;1,30%;;532;521,5;55,65;1,48%
131p654_T80_p1;637;636;636,0;95,31;0,16%;;636;632,0;45,60;0,16%;;636;633,0;79,01;0,16%
132d657_T80_p1;594;592;589,3;97,33;0,34%;;575;561,1;122,89;3,20%;;575;565,1;72,99;3,20%
145u724_T80_p1;649;645;639,4;84,98;0,62%;;626;603,1;170,54;3,54%;;634;621,1;86,01;2,31%
157rat783_T80_p1;663;661;653,8;149,52;0,30%;;652;643,3;188,87;1,66%;;641;632,1;100,67;3,32%
201pr1002_T80_p1;928;928;925,1;184,13;0,00%;;896;884,4;403,31;3,45%;;909;874,5;213,96;2,05%
212u1060_T80_p1;1001;1001;994,5;228,23;0,00%;;967;958,3;476,64;3,40%;;960;945,0;247,62;4,10%
217vm1084_T80_p1;1006;1004;1001,8;119,15;0,20%;;979;968,4;688,76;2,68%;;979;965,3;195,57;2,68%
11berlin52_T80_p2;2384;2384;2384,0;7,16;0,00%;;2384;2384,0;0,42;0,00%;;2384;2384,0;1,41;0,00%
11eil51_T80_p2;2114;2114;2114,0;3,26;0,00%;;2114;2114,0;0,44;0,00%;;2114;2114,0;1,58;0,00%
14st70_T80_p2;3355;3355;3355,0;8,49;0,00%;;3355;3355,0;0,68;0,00%;;3355;3355,0;1,99;0,00%
16eil76_T80_p2;3573;3573;3568,2;6,03;0,00%;;3573;3573,0;0,82;0,00%;;3573;3573,0;2,23;0,00%
16pr76_T80_p2;3611;3611;3608,0;3,25;0,00%;;3611;3607,0;1,10;0,00%;;3611;3611,0;2,42;0,00%
20kroA100_T80_p2;4115;4115;4115,0;7,87;0,00%;;4115;4115,0;1,21;0,00%;;4115;4115,0;2,45;0,00%
20kroB100_T80_p2;4188;4188;4188,0;5,49;0,00%;;4188;4169,2;1,34;0,00%;;4188;4188,0;2,53;0,00%
20kroC100_T80_p2;3999;3999;3999,0;7,56;0,00%;;3999;3999,0;1,14;0,00%;;3999;3999,0;2,47;0,00%
20kroD100_T80_p2;4267;4267;4267,0;9,31;0,00%;;4267;4267,0;1,25;0,00%;;4267;4267,0;2,45;0,00%
20kroE100_T80_p2;4002;4002;4002,0;4,83;0,00%;;4002;3974,4;1,37;0,00%;;4002;4002,0;2,51;0,00%
20rat99_T80_p2;3992;3992;3992,0;9,85;0,00%;;3992;3992,0;1,21;0,00%;;3992;3992,0;2,35;0,00%
20rd100_T80_p2;4640;4640;4640,0;10,30;0,00%;;4640;4640,0;1,27;0,00%;;4640;4640,0;2,79;0,00%
21eil101_T80_p2;4717;4717;4705,3;9,04;0,00%;;4717;4717,0;1,45;0,00%;;4717;4707,9;2,83;0,00%
21lin105_T80_p2;4561;4561;4561,0;9,92;0,00%;;4561;4561,0;1,21;0,00%;;4561;4561,0;2,59;0,00%
22pr107_T80_p2;3275;3275;3275,0;7,59;0,00%;;3275;3275,0;0,99;0,00%;;3275;3275,0;2,24;0,00%
25pr124_T80_p2;4947;4947;4932,2;4,88;0,00%;;4947;4947,0;1,63;0,00%;;4947;4947,0;3,04;0,00%
26bier127_T80_p2;6218;6218;6218,0;8,64;0,00%;;6218;6218,0;2,98;0,00%;;6218;6211,5;4,08;0,00%
26ch130_T80_p2;5967;5895;5882,1;7,43;1,21%;;5967;5920,2;3,09;0,00%;;5895;5895,0;3,64;1,21%
28pr136_T80_p2;6330;6330;6330,0;8,21;0,00%;;6330;6330,0;2,53;0,00%;;6330;6330,0;3,43;0,00%
29pr144_T80_p2;6356;6356;6356,0;6,38;0,00%;;6356;6356,0;2,30;0,00%;;6356;6356,0;3,48;0,00%
30ch150_T80_p2;6382;6331;6331,0;8,84;0,80%;;6382;6373,5;3,10;0,00%;;6331;6331,0;3,54;0,80%
30kroA150_T80_p2;6081;6081;6081,0;10,70;0,00%;;6081;5974,8;3,15;0,00%;;6081;6081,0;3,71;0,00%
30kroB150_T80_p2;6880;6880;6880,0;7,67;0,00%;;6880;6880,0;3,49;0,00%;;6880;6880,0;3,92;0,00%
31pr152_T80_p2;5928;5928;5916,8;13,17;0,00%;;5800;5800,0;1,84;2,16%;;5928;5825,6;3,52;0,00%
32u159_T80_p2;7164;7164;7164,0;10,19;0,00%;;7164;7164,0;4,35;0,00%;;7164;7164,0;4,15;0,00%
39rat195_T80_p2;8522;8522;8522,0;11,59;0,00%;;8522;8522,0;5,87;0,00%;;8522;8522,0;5,08;0,00%
40d198_T80_p2;8628;8628;8628,0;32,84;0,00%;;8628;8628,0;8,52;0,00%;;8628;8628,0;5,03;0,00%
40kroa200_T80_p2;9338;9338;9338,0;15,44;0,00%;;9338;9331,8;5,53;0,00%;;9338;9338,0;6,39;0,00%
40krob200_T80_p2;9077;9077;9077,0;15,18;0,00%;;9077;8876,9;5,42;0,00%;;9077;9066,4;6,00;0,00%
45ts225_T80_p2;9888;9888;9752,4;6,72;0,00%;;9888;9785,2;10,11;0,00%;;9888;9748,4;6,78;0,00%
45tsp225_T80_p2;10030;9934;9921,4;20,41;0,96%;;10030;10024,4;6,94;0,00%;;9934;9927,4;8,59;0,96%
46pr226_T80_p2;10770;10770;10770,0;10,03;0,00%;;10770;10734,6;5,57;0,00%;;10770;10770,0;7,64;0,00%
53gil262_T80_p2;11606;11606;11586,6;20,67;0,00%;;11606;11439,0;11,43;0,00%;;11606;11586,6;11,59;0,00%
53pr264_T80_p2;12048;12048;12048,0;30,97;0,00%;;12048;11824,5;6,55;0,00%;;12048;12022,7;11,38;0,00%
56a280_T80_p2;11984;11984;11898,5;21,60;0,00%;;11984;11911,4;12,68;0,00%;;11952;11925,6;12,52;0,27%
60pr299_T80_p2;13653;13653;13619,2;30,09;0,00%;;13653;13533,8;16,36;0,00%;;13653;13649,5;14,27;0,00%
64lin318_T80_p2;15103;15103;15055,9;32,56;0,00%;;15103;14981,5;19,13;0,00%;;15103;15012,9;16,23;0,00%
80rd400_T80_p2;18529;18529;18438,3;40,62;0,00%;;18239;18040,7;37,51;1,57%;;18519;18225,9;25,19;0,05%
84fl417_T80_p2;20248;20248;20245,2;54,45;0,00%;;20220;19885,6;21,94;0,14%;;20220;20152,2;26,48;0,14%
88pr439_T80_p2;21134;21134;21094,3;77,32;0,00%;;21068;21017,6;43,80;0,31%;;21068;20951,4;34,51;0,31%
89pcb442_T80_p2;20243;20214;20159,4;55,84;0,14%;;20099;19693,5;42,32;0,71%;;20120;19688,9;29,84;0,61%
99d493_T80_p2;23726;23726;23645,9;51,99;0,00%;;23646;23233,3;78,87;0,34%;;23511;23361,6;49,19;0,91%
115rat575_T80_p2;25145;25072;24891,3;95,12;0,29%;;24875;24434,6;76,20;1,07%;;24779;24498,0;48,88;1,46%
115u574_T80_p2;27389;27389;27293,9;112,68;0,00%;;26828;26308,3;97,57;2,05%;;27077;26586,6;56,14;1,14%
131p654_T80_p2;32335;32335;32331,6;107,37;0,00%;;32216;32030,2;49,79;0,37%;;32227;32074,9;79,63;0,33%
132d657_T80_p2;30642;30497;30372,7;110,93;0,47%;;30123;29311,8;110,47;1,69%;;29962;29437,6;72,91;2,22%
145u724_T80_p2;33050;32935;32768,9;116,67;0,35%;;31863;31633,2;165,53;3,59%;;32357;31830,0;83,79;2,10%
157rat783_T80_p2;34081;34081;33731,1;170,03;0,00%;;32613;31793,5;202,87;4,31%;;32972;32383,5;102,78;3,25%
201pr1002_T80_p2;46972;46800;46719,9;146,77;0,37%;;45394;44801,6;420,85;3,36%;;45404;44720,2;216,35;3,34%
212u1060_T80_p2;50704;50704;50152,4;233,12;0,00%;;48879;47680,8;566,02;3,60%;;48602;47784,1;248,01;4,15%
217vm1084_T80_p2;51539;51485;51323,3;185,85;0,10%;;49635;48736,8;605,05;3,69%;;49233;48523,5;186,99;4,47%
11berlin52_RND_T40_p1;50;50;50,0;8,17;0,00%;;50;50,0;0,63;0,00%;;50;50,0;1,99;0,00%
11eil51_RND_T40_p1;37;34;34,0;1,01;8,11%;;37;37,0;0,44;0,00%;;37;37,0;1,60;0,00%
14st70_RND_T40_p1;56;56;56,0;6,81;0,00%;;56;56,0;0,76;0,00%;;56;56,0;1,72;0,00%
16eil76_RND_T40_p1;51;51;51,0;4,11;0,00%;;51;51,0;0,88;0,00%;;51;51,0;1,91;0,00%
16pr76_RND_T40_p1;70;70;69,7;4,68;0,00%;;70;70,0;1,17;0,00%;;70;70,0;2,24;0,00%
20kroA100_RND_T40_p1;80;74;74,0;1,12;7,50%;;80;80,0;1,74;0,00%;;80;80,0;2,51;0,00%
20kroB100_RND_T40_p1;86;86;85,7;2,85;0,00%;;86;86,0;2,28;0,00%;;86;86,0;2,51;0,00%
20kroC100_RND_T40_p1;72;72;71,3;6,12;0,00%;;72;71,2;1,69;0,00%;;72;72,0;2,47;0,00%
20kroD100_RND_T40_p1;78;78;78,0;7,95;0,00%;;78;76,4;2,45;0,00%;;78;78,0;2,44;0,00%
20kroE100_RND_T40_p1;90;90;90,0;9,95;0,00%;;90;90,0;2,37;0,00%;;90;90,0;2,48;0,00%
20rat99_RND_T40_p1;73;73;73,0;6,58;0,00%;;73;73,0;1,46;0,00%;;73;73,0;2,06;0,00%
20rd100_RND_T40_p1;82;80;80,0;7,37;2,44%;;82;81,6;2,18;0,00%;;80;80,0;2,21;2,44%
21eil101_RND_T40_p1;83;76;76,0;4,62;8,43%;;83;83,0;1,71;0,00%;;83;83,0;2,70;0,00%
21lin105_RND_T40_p1;95;95;95,0;9,20;0,00%;;95;95,0;2,17;0,00%;;95;95,0;2,40;0,00%
22pr107_RND_T40_p1;94;94;94,0;13,77;0,00%;;94;94,0;3,21;0,00%;;94;94,0;2,36;0,00%
25pr124_RND_T40_p1;101;101;101,0;6,59;0,00%;;101;101,0;3,27;0,00%;;101;101,0;2,90;0,00%
26bier127_RND_T40_p1;125;125;125,0;15,17;0,00%;;125;125,0;5,24;0,00%;;125;125,0;3,44;0,00%
26ch130_RND_T40_p1;111;111;107,2;6,46;0,00%;;111;110,3;3,98;0,00%;;111;111,0;3,65;0,00%
28pr136_RND_T40_p1;120;120;119,1;5,52;0,00%;;120;120,0;4,44;0,00%;;120;120,0;3,10;0,00%
29pr144_RND_T40_p1;137;137;137,0;16,08;0,00%;;137;137,0;5,28;0,00%;;137;137,0;3,89;0,00%
30ch150_RND_T40_p1;114;111;111,0;5,50;2,63%;;114;112,7;5,15;0,00%;;111;111,0;3,58;2,63%
30kroA150_RND_T40_p1;110;104;103,0;2,89;5,45%;;109;106,4;4,17;0,91%;;110;109,8;3,75;0,00%
30kroB150_RND_T40_p1;120;120;119,4;8,20;0,00%;;120;118,9;6,16;0,00%;;120;119,9;4,22;0,00%
31pr152_RND_T40_p1;136;136;136,0;14,90;0,00%;;136;136,0;7,11;0,00%;;136;136,0;3,61;0,00%
32u159_RND_T40_p1;143;143;143,0;11,10;0,00%;;143;143,0;5,21;0,00%;;143;143,0;4,08;0,00%
39rat195_RND_T40_p1;135;135;135,0;7,19;0,00%;;135;133,8;7,70;0,00%;;135;135,0;4,03;0,00%
40d198_RND_T40_p1;149;148;148,0;7,57;0,67%;;149;148,1;6,61;0,00%;;148;148,0;3,21;0,67%
40kroa200_RND_T40_p1;173;173;173,0;13,06;0,00%;;173;173,0;8,55;0,00%;;173;173,0;6,31;0,00%
40krob200_RND_T40_p1;162;162;161,3;15,78;0,00%;;161;160,4;10,99;0,62%;;162;160,7;5,76;0,00%
45ts225_RND_T40_p1;198;198;193,1;11,18;0,00%;;198;195,2;13,42;0,00%;;198;197,2;7,71;0,00%
45tsp225_RND_T40_p1;167;167;148,6;16,33;0,00%;;167;166,1;10,31;0,00%;;167;166,5;5,61;0,00%
46pr226_RND_T40_p1;207;207;207,0;18,34;0,00%;;207;207,0;14,76;0,00%;;207;207,0;5,88;0,00%
53gil262_RND_T40_p1;204;204;203,3;20,99;0,00%;;204;203,8;18,25;0,00%;;204;202,9;11,76;0,00%
53pr264_RND_T40_p1;245;245;244,8;28,76;0,00%;;245;242,9;35,03;0,00%;;242;242,0;6,19;1,22%
56a280_RND_T40_p1;204;204;203,3;19,16;0,00%;;203;201,9;15,14;0,49%;;204;202,9;7,65;0,00%
60pr299_RND_T40_p1;254;254;242,9;25,43;0,00%;;253;247,2;22,91;0,39%;;254;248,4;8,83;0,00%
64lin318_RND_T40_p1;289;289;288,9;40,11;0,00%;;285;284,5;42,49;1,38%;;289;286,4;24,58;0,00%
80rd400_RND_T40_p1;351;351;345,8;42,29;0,00%;;348;344,2;59,68;0,85%;;346;340,8;34,11;1,42%
84fl417_RND_T40_p1;375;375;375,0;114,40;0,00%;;371;371,0;119,42;1,07%;;371;371,0;27,32;1,07%
88pr439_RND_T40_p1;431;431;430,7;59,92;0,00%;;431;427,2;120,91;0,00%;;427;423,4;61,74;0,93%
89pcb442_RND_T40_p1;376;364;354,5;19,33;3,19%;;372;365,1;69,50;1,06%;;376;365,7;46,41;0,00%
99d493_RND_T40_p1;412;412;408,3;53,68;0,00%;;409;402,2;93,55;0,73%;;412;405,1;51,05;0,00%
115rat575_RND_T40_p1;420;420;410,7;76,79;0,00%;;413;397,4;96,66;1,67%;;401;394,3;57,47;4,52%
115u574_RND_T40_p1;502;499;496,8;70,05;0,60%;;502;485,1;143,24;0,00%;;491;477,6;85,67;2,19%
131p654_RND_T40_p1;606;606;606,0;2453,02;0,00%;;606;606,0;435,87;0,00%;;606;606,0;63,66;0,00%
132d657_RND_T40_p1;518;513;506,0;119,41;0,97%;;504;497,5;139,65;2,70%;;518;501,9;103,09;0,00%
145u724_RND_T40_p1;592;579;572,5;136,48;2,20%;;592;572,7;226,57;0,00%;;577;567,8;141,35;2,53%
157rat783_RND_T40_p1;571;571;553,6;159,83;0,00%;;563;543,0;187,23;1,40%;;551;538,6;134,35;3,50%
201pr1002_RND_T40_p1;856;856;838,3;336,22;0,00%;;849;815,9;591,27;0,82%;;839;809,5;353,71;1,99%
212u1060_RND_T40_p1;947;940;919,3;530,15;0,74%;;944;923,1;826,72;0,32%;;887;876,3;431,72;6,34%
217vm1084_RND_T40_p1;1045;1020;1016,8;407,08;2,39%;;1045;1017,1;983,04;0,00%;;1033;1020,2;589,06;1,15%
11berlin52_RND_T40_p2;2584;2584;2584,0;7,61;0,00%;;2584;2584,0;0,63;0,00%;;2584;2584,0;1,95;0,00%
11eil51_RND_T40_p2;1929;1929;1929,0;1,78;0,00%;;1929;1929,0;0,48;0,00%;;1929;1929,0;1,53;0,00%
14st70_RND_T40_p2;2736;2736;2736,0;6,76;0,00%;;2736;2736,0;0,85;0,00%;;2736;2736,0;1,58;0,00%
16eil76_RND_T40_p2;2518;2518;2518,0;2,44;0,00%;;2518;2518,0;0,98;0,00%;;2518;2518,0;1,90;0,00%
16pr76_RND_T40_p2;3550;3550;3550,0;5,21;0,00%;;3550;3550,0;1,30;0,00%;;3550;3550,0;2,17;0,00%
20kroA100_RND_T40_p2;3894;3434;3434,0;1,60;11,81%;;3894;3894,0;1,69;0,00%;;3894;3894,0;2,50;0,00%
20kroB100_RND_T40_p2;4357;4357;4357,0;2,41;0,00%;;4357;4357,0;2,14;0,00%;;4357;4357,0;2,51;0,00%
20kroC100_RND_T40_p2;3586;3586;3570,7;7,45;0,00%;;3586;3560,8;1,74;0,00%;;3586;3586,0;2,29;0,00%
20kroD100_RND_T40_p2;3799;3799;3799,0;7,43;0,00%;;3799;3749,0;2,51;0,00%;;3799;3799,0;2,40;0,00%
20kroE100_RND_T40_p2;4614;4614;4614,0;11,12;0,00%;;4614;4614,0;1,92;0,00%;;4614;4614,0;2,32;0,00%
20rat99_RND_T40_p2;3624;3624;3624,0;5,60;0,00%;;3624;3624,0;1,43;0,00%;;3624;3624,0;2,08;0,00%
20rd100_RND_T40_p2;4181;4038;4038,0;5,96;3,42%;;4181;4152,4;2,51;0,00%;;4038;4038,0;2,06;3,42%
21eil101_RND_T40_p2;4264;4264;4132,6;3,50;0,00%;;4264;4264,0;1,84;0,00%;;4264;4264,0;2,60;0,00%
21lin105_RND_T40_p2;4814;4814;4814,0;9,69;0,00%;;4814;4814,0;2,23;0,00%;;4814;4814,0;2,35;0,00%
22pr107_RND_T40_p2;4740;4740;4740,0;12,99;0,00%;;4740;4740,0;2,92;0,00%;;4740;4740,0;2,39;0,00%
25pr124_RND_T40_p2;5035;5035;5028,0;8,33;0,00%;;5035;5035,0;3,93;0,00%;;5035;5031,5;3,12;0,00%
26bier127_RND_T40_p2;6329;6329;6329,0;15,93;0,00%;;6329;6329,0;6,46;0,00%;;6329;6327,2;4,58;0,00%
26ch130_RND_T40_p2;5630;5630;5297,9;4,18;0,00%;;5630;5630,0;3,95;0,00%;;5630;5630,0;3,64;0,00%
28pr136_RND_T40_p2;6106;6106;6106,0;4,96;0,00%;;6106;6106,0;4,42;0,00%;;6106;6106,0;3,29;0,00%
29pr144_RND_T40_p2;6848;6848;6848,0;15,34;0,00%;;6848;6848,0;5,31;0,00%;;6848;6848,0;3,82;0,00%
30ch150_RND_T40_p2;6025;5896;5792,0;6,70;2,14%;;6025;5765,8;4,73;0,00%;;5896;5886,0;3,88;2,14%
30kroA150_RND_T40_p2;5450;5399;5336,1;10,48;0,94%;;5450;5413,3;3,69;0,00%;;5450;5450,0;3,68;0,00%
30kroB150_RND_T40_p2;6255;6255;6198,3;7,48;0,00%;;6255;6128,4;4,42;0,00%;;6255;6235,7;4,30;0,00%
31pr152_RND_T40_p2;6928;6928;6928,0;14,55;0,00%;;6928;6928,0;6,84;0,00%;;6928;6928,0;3,65;0,00%
32u159_RND_T40_p2;7507;7507;7507,0;13,62;0,00%;;7507;7507,0;5,25;0,00%;;7507;7507,0;3,84;0,00%
39rat195_RND_T40_p2;6813;6813;6813,0;6,29;0,00%;;6813;6803,1;7,13;0,00%;;6813;6813,0;3,83;0,00%
40d198_RND_T40_p2;7412;7412;7412,0;7,30;0,00%;;7412;7412,0;6,15;0,00%;;7412;7412,0;3,33;0,00%
40kroa200_RND_T40_p2;9014;9014;9014,0;11,96;0,00%;;9014;9014,0;9,37;0,00%;;9014;9014,0;6,47;0,00%
40krob200_RND_T40_p2;8315;8315;8224,6;12,05;0,00%;;8315;8132,1;9,82;0,00%;;8315;8186,3;5,81;0,00%
45ts225_RND_T40_p2;9835;9835;9569,2;11,02;0,00%;;9835;9519,4;12,47;0,00%;;9835;9835,0;7,50;0,00%
45tsp225_RND_T40_p2;8373;8373;8373,0;10,93;0,00%;;8373;8370,1;12,46;0,00%;;8373;8373,0;5,44;0,00%
46pr226_RND_T40_p2;10322;10322;10322,0;25,97;0,00%;;10312;10312,0;16,54;0,10%;;10312;10308,6;7,09;0,10%
53gil262_RND_T40_p2;10309;10309;10274,4;23,65;0,00%;;10309;10309,0;11,69;0,00%;;10309;10282,6;11,93;0,00%
53pr264_RND_T40_p2;12304;12304;12297,4;36,70;0,00%;;12304;12198,4;41,15;0,00%;;12106;12106,0;6,19;1,61%
56a280_RND_T40_p2;10285;10285;10275,5;15,99;0,00%;;10274;10191,3;17,82;0,11%;;10285;10168,6;8,03;0,00%
60pr299_RND_T40_p2;12995;12995;12648,2;28,14;0,00%;;12995;12744,5;24,63;0,00%;;12995;12735,7;8,76;0,00%
64lin318_RND_T40_p2;14743;14743;14721,1;38,27;0,00%;;14704;14604,8;48,71;0,26%;;14719;14587,0;24,14;0,16%
80rd400_RND_T40_p2;17917;17917;17772,4;36,47;0,00%;;17676;17245,5;61,83;1,35%;;17521;17238,6;34,67;2,21%
84fl417_RND_T40_p2;19107;19107;19107,0;281,52;0,00%;;19107;19101,6;128,36;0,00%;;19101;19101,0;26,79;0,03%
88pr439_RND_T40_p2;21815;21815;21765,3;58,43;0,00%;;21738;21598,9;117,49;0,35%;;21565;21433,9;58,84;1,15%
89pcb442_RND_T40_p2;18908;18449;18244,4;32,77;2,43%;;18702;18270,0;65,96;1,09%;;18908;18579,5;45,69;0,00%
99d493_RND_T40_p2;21030;20864;20610,8;58,98;0,79%;;20722;20410,7;87,41;1,46%;;21030;20548,9;51,27;0,00%
115rat575_RND_T40_p2;21167;21167;20671,2;53,04;0,00%;;20740;20145,5;82,91;2,02%;;20972;20534,5;58,80;0,92%
115u574_RND_T40_p2;25493;25493;25333,7;80,04;0,00%;;25016;24365,2;151,24;1,87%;;25451;24860,1;86,23;0,16%
131p654_RND_T40_p2;30212;30212;30212,0;3208,31;0,00%;;30212;30212,0;456,05;0,00%;;30212;30212,0;60,46;0,00%
132d657_RND_T40_p2;26772;26031;25657,6;113,91;2,77%;;25859;25530,8;139,22;3,41%;;26772;25825,5;102,82;0,00%
145u724_RND_T40_p2;29997;29526;28946,1;179,53;1,57%;;29888;29040,2;229,45;0,36%;;29952;28776,4;139,95;0,15%
157rat783_RND_T40_p2;29807;29807;29473,0;182,79;0,00%;;28314;27533,1;183,40;5,01%;;28992;28033,5;134,63;2,73%
201pr1002_RND_T40_p2;44229;44229;43322,8;369,69;0,00%;;43615;42392,9;616,96;1,39%;;43320;42283,2;364,83;2,06%
212u1060_RND_T40_p2;48481;48481;48016,7;387,87;0,00%;;47330;46540,3;841,93;2,37%;;46705;45073,5;437,69;3,66%
217vm1084_RND_T40_p2;52987;52987;52831,5;749,58;0,00%;;52335;51977,2;1001,42;1,23%;;52534;51640,4;563,33;0,85%
11berlin52_RND_T60_p1;51;51;51,0;8,56;0,00%;;51;51,0;0,78;0,00%;;51;51,0;2,28;0,00%
11eil51_RND_T60_p1;50;50;50,0;6,58;0,00%;;50;50,0;0,66;0,00%;;50;50,0;1,91;0,00%
14st70_RND_T60_p1;64;64;64,0;8,14;0,00%;;64;64,0;1,08;0,00%;;64;64,0;1,87;0,00%
16eil76_RND_T60_p1;74;74;73,9;5,32;0,00%;;74;74,0;1,52;0,00%;;74;73,9;2,69;0,00%
16pr76_RND_T60_p1;74;74;74,0;11,00;0,00%;;74;74,0;1,78;0,00%;;74;74,0;2,42;0,00%
20kroA100_RND_T60_p1;98;98;97,3;10,53;0,00%;;96;95,9;3,17;2,04%;;96;96,0;3,38;2,04%
20kroB100_RND_T60_p1;98;98;96,8;10,52;0,00%;;98;93,5;2,81;0,00%;;98;96,5;3,38;0,00%
20kroC100_RND_T60_p1;93;93;92,7;9,53;0,00%;;93;90,8;2,83;0,00%;;93;92,6;3,54;0,00%
20kroD100_RND_T60_p1;93;93;93,0;9,21;0,00%;;93;93,0;2,58;0,00%;;93;93,0;3,03;0,00%
20kroE100_RND_T60_p1;97;97;97,0;13,22;0,00%;;97;97,0;3,07;0,00%;;97;97,0;2,90;0,00%
20rat99_RND_T60_p1;87;87;87,0;7,47;0,00%;;87;87,0;2,19;0,00%;;87;87,0;2,71;0,00%
20rd100_RND_T60_p1;99;99;98,5;11,69;0,00%;;99;99,0;2,71;0,00%;;99;99,0;3,27;0,00%
21eil101_RND_T60_p1;97;97;96,8;5,98;0,00%;;97;97,0;3,24;0,00%;;97;96,7;3,62;0,00%
21lin105_RND_T60_p1;104;104;104,0;13,84;0,00%;;104;104,0;2,94;0,00%;;104;104,0;2,30;0,00%
22pr107_RND_T60_p1;106;106;106,0;14,34;0,00%;;106;106,0;3,57;0,00%;;106;106,0;2,30;0,00%
25pr124_RND_T60_p1;119;119;119,0;11,65;0,00%;;119;119,0;4,42;0,00%;;119;118,6;4,23;0,00%
26bier127_RND_T60_p1;126;126;126,0;20,85;0,00%;;126;126,0;5,98;0,00%;;126;126,0;3,14;0,00%
26ch130_RND_T60_p1;127;127;125,9;10,40;0,00%;;127;127,0;5,18;0,00%;;127;126,8;4,60;0,00%
28pr136_RND_T60_p1;132;132;131,7;12,94;0,00%;;129;129,0;5,43;2,27%;;129;129,0;4,22;2,27%
29pr144_RND_T60_p1;141;141;141,0;17,22;0,00%;;141;141,0;7,45;0,00%;;141;141,0;4,79;0,00%
30ch150_RND_T60_p1;145;145;144,7;11,69;0,00%;;145;145,0;7,03;0,00%;;145;144,5;5,85;0,00%
30kroA150_RND_T60_p1;145;145;144,6;11,65;0,00%;;143;142,7;6,81;1,38%;;145;143,6;5,39;0,00%
30kroB150_RND_T60_p1;147;147;147,0;17,82;0,00%;;147;147,0;7,60;0,00%;;147;147,0;5,78;0,00%
31pr152_RND_T60_p1;151;151;150,7;22,73;0,00%;;151;151,0;7,85;0,00%;;150;150,0;5,76;0,66%
32u159_RND_T60_p1;156;156;156,0;15,30;0,00%;;156;156,0;9,55;0,00%;;156;155,2;6,83;0,00%
39rat195_RND_T60_p1;178;178;175,6;10,90;0,00%;;175;175,0;9,85;1,69%;;178;174,6;7,01;0,00%
40d198_RND_T60_p1;196;196;196,0;22,10;0,00%;;196;196,0;17,07;0,00%;;196;194,2;8,23;0,00%
40kroa200_RND_T60_p1;198;198;198,0;22,94;0,00%;;198;196,7;18,71;0,00%;;198;195,2;11,76;0,00%
40krob200_RND_T60_p1;198;198;197,5;25,28;0,00%;;198;194,1;17,35;0,00%;;197;194,9;12,31;0,51%
45ts225_RND_T60_p1;224;224;224,0;28,02;0,00%;;224;224,0;19,27;0,00%;;224;223,7;13,41;0,00%
45tsp225_RND_T60_p1;212;212;209,1;15,12;0,00%;;212;209,6;21,52;0,00%;;209;207,5;14,10;1,42%
46pr226_RND_T60_p1;221;221;221,0;22,66;0,00%;;221;221,0;20,23;0,00%;;221;221,0;12,38;0,00%
53gil262_RND_T60_p1;253;253;251,5;28,01;0,00%;;253;246,4;28,56;0,00%;;253;247,7;19,07;0,00%
53pr264_RND_T60_p1;252;252;252,0;43,01;0,00%;;252;252,0;52,00;0,00%;;252;252,0;14,44;0,00%
56a280_RND_T60_p1;256;256;255,3;21,09;0,00%;;254;250,4;29,42;0,78%;;253;248,8;20,12;1,17%
60pr299_RND_T60_p1;286;286;286,0;28,40;0,00%;;286;286,0;46,36;0,00%;;286;285,7;25,25;0,00%
64lin318_RND_T60_p1;316;316;315,5;45,22;0,00%;;316;314,4;70,06;0,00%;;313;311,3;30,94;0,95%
80rd400_RND_T60_p1;396;396;394,4;60,50;0,00%;;395;394,9;98,64;0,25%;;392;386,6;40,21;1,01%
84fl417_RND_T60_p1;407;407;407,0;239,85;0,00%;;407;406,1;122,49;0,00%;;407;406,4;51,70;0,00%
88pr439_RND_T60_p1;438;438;438,0;144,75;0,00%;;438;438,0;186,07;0,00%;;436;435,6;57,88;0,46%
89pcb442_RND_T60_p1;439;438;436,7;66,11;0,23%;;433;428,8;107,14;1,37%;;433;426,9;62,49;1,37%
99d493_RND_T60_p1;488;488;485,7;128,56;0,00%;;485;483,2;175,24;0,61%;;482;479,3;88,33;1,23%
115rat575_RND_T60_p1;542;542;534,7;71,61;0,00%;;533;523,0;172,76;1,66%;;520;506,6;94,99;4,06%
115u574_RND_T60_p1;571;571;570,0;91,35;0,00%;;571;566,1;266,10;0,00%;;566;557,8;118,21;0,88%
131p654_RND_T60_p1;642;642;639,1;499,22;0,00%;;642;639,1;484,25;0,00%;;638;630,5;142,12;0,62%
132d657_RND_T60_p1;646;646;644,9;147,60;0,00%;;636;631,2;346,31;1,55%;;628;622,9;162,75;2,79%
145u724_RND_T60_p1;707;706;704,2;135,62;0,14%;;707;695,3;415,46;0,00%;;697;677,4;200,15;1,41%
157rat783_RND_T60_p1;744;744;740,6;198,45;0,00%;;722;711,8;371,05;2,96%;;721;696,5;203,43;3,09%
201pr1002_RND_T60_p1;995;995;990,5;422,60;0,00%;;979;969,0;1200,03;1,61%;;965;951,0;505,41;3,02%
212u1060_RND_T60_p1;1058;1058;1058,0;721,93;0,00%;;1055;1050,4;1589,21;0,28%;;1025;1015,7;582,64;3,12%
217vm1084_RND_T60_p1;1083;1083;1083,0;769,31;0,00%;;1083;1079,4;1538,52;0,00%;;1079;1070,0;721,55;0,37%
11berlin52_RND_T60_p2;2608;2608;2608,0;8,36;0,00%;;2608;2608,0;0,78;0,00%;;2608;2608,0;2,36;0,00%
11eil51_RND_T60_p2;2575;2575;2575,0;6,76;0,00%;;2575;2575,0;0,62;0,00%;;2575;2575,0;1,83;0,00%
14st70_RND_T60_p2;3218;3218;3218,0;7,01;0,00%;;3218;3218,0;1,14;0,00%;;3218;3218,0;2,08;0,00%
16eil76_RND_T60_p2;3728;3728;3712,1;5,84;0,00%;;3728;3717,5;1,62;0,00%;;3728;3721,1;3,07;0,00%
16pr76_RND_T60_p2;3729;3729;3729,0;11,40;0,00%;;3729;3729,0;1,73;0,00%;;3729;3729,0;1,92;0,00%
20kroA100_RND_T60_p2;4920;4920;4717,1;7,41;0,00%;;4920;4808,6;3,44;0,00%;;4920;4847,2;3,44;0,00%
20kroB100_RND_T60_p2;4925;4925;4925,0;15,25;0,00%;;4925;4925,0;3,83;0,00%;;4925;4910,6;3,56;0,00%
20kroC100_RND_T60_p2;4717;4717;4651,0;7,21;0,00%;;4619;4619,0;2,89;2,08%;;4717;4668,0;3,27;0,00%
20kroD100_RND_T60_p2;4695;4695;4695,0;7,11;0,00%;;4695;4695,0;2,62;0,00%;;4695;4695,0;2,93;0,00%
20kroE100_RND_T60_p2;4910;4910;4910,0;13,90;0,00%;;4910;4910,0;2,86;0,00%;;4910;4910,0;2,68;0,00%
20rat99_RND_T60_p2;4516;4516;4516,0;6,97;0,00%;;4516;4516,0;2,29;0,00%;;4516;4516,0;2,51;0,00%
20rd100_RND_T60_p2;5008;5008;5008,0;12,51;0,00%;;5008;5008,0;2,84;0,00%;;5008;5008,0;3,23;0,00%
21eil101_RND_T60_p2;4933;4933;4932,2;5,82;0,00%;;4933;4933,0;3,27;0,00%;;4933;4929,8;3,48;0,00%
21lin105_RND_T60_p2;5228;5228;5228,0;14,51;0,00%;;5228;5228,0;3,13;0,00%;;5228;5228,0;2,89;0,00%
22pr107_RND_T60_p2;5363;5363;5363,0;13,29;0,00%;;5363;5363,0;3,57;0,00%;;5363;5363,0;2,40;0,00%
25pr124_RND_T60_p2;5947;5947;5947,0;11,14;0,00%;;5947;5947,0;4,81;0,00%;;5947;5947,0;4,21;0,00%
26bier127_RND_T60_p2;6333;6333;6333,0;20,92;0,00%;;6333;6333,0;6,73;0,00%;;6333;6333,0;2,45;0,00%
26ch130_RND_T60_p2;6472;6472;6422,5;9,79;0,00%;;6472;6408,8;5,51;0,00%;;6393;6389,9;4,38;1,22%
28pr136_RND_T60_p2;6692;6692;6592,6;7,04;0,00%;;6692;6590,3;7,67;0,00%;;6692;6530,8;4,74;0,00%
29pr144_RND_T60_p2;7151;7151;7151,0;16,16;0,00%;;7151;7151,0;8,24;0,00%;;7151;7151,0;4,63;0,00%
30ch150_RND_T60_p2;7382;7382;7305,2;14,51;0,00%;;7286;7273,6;6,34;1,30%;;7382;7334,0;6,14;0,00%
30kroA150_RND_T60_p2;7315;7315;7291,3;13,72;0,00%;;7236;7205,4;6,98;1,08%;;7315;7275,5;5,39;0,00%
30kroB150_RND_T60_p2;7476;7476;7471,6;16,49;0,00%;;7454;7454,0;8,08;0,29%;;7476;7456,2;5,86;0,00%
31pr152_RND_T60_p2;7658;7658;7644,5;21,74;0,00%;;7658;7658,0;8,11;0,00%;;7613;7613,0;5,32;0,59%
32u159_RND_T60_p2;7942;7942;7942,0;11,80;0,00%;;7942;7942,0;10,06;0,00%;;7942;7866,4;6,56;0,00%
39rat195_RND_T60_p2;9022;9022;8816,6;10,68;0,00%;;8824;8816,8;11,32;2,19%;;9022;8848,2;7,20;0,00%
40d198_RND_T60_p2;9952;9952;9952,0;22,04;0,00%;;9952;9952,0;18,40;0,00%;;9952;9952,0;8,19;0,00%
40kroa200_RND_T60_p2;10010;10010;10010,0;21,21;0,00%;;10010;9965,4;19,35;0,00%;;10010;9924,7;11,65;0,00%
40krob200_RND_T60_p2;10011;10011;10004,5;25,18;0,00%;;9946;9836,2;18,99;0,65%;;10011;9913,3;12,57;0,00%
45ts225_RND_T60_p2;11308;11308;11308,0;32,68;0,00%;;11308;11308,0;20,68;0,00%;;11308;11308,0;14,91;0,00%
45tsp225_RND_T60_p2;10786;10715;10667,4;11,68;0,66%;;10786;10650,6;21,87;0,00%;;10742;10626,2;14,30;0,41%
46pr226_RND_T60_p2;11063;11063;11063,0;24,76;0,00%;;11063;11063,0;22,62;0,00%;;11063;11063,0;11,64;0,00%
53gil262_RND_T60_p2;12839;12839;12829,0;38,29;0,00%;;12722;12470,8;29,65;0,91%;;12780;12605,5;19,36;0,46%
53pr264_RND_T60_p2;12658;12658;12658,0;50,94;0,00%;;12658;12658,0;50,45;0,00%;;12658;12658,0;14,68;0,00%
56a280_RND_T60_p2;13252;13229;13080,7;23,25;0,17%;;13252;12739,1;33,26;0,00%;;13029;12816,6;20,01;1,68%
60pr299_RND_T60_p2;14688;14688;14688,0;31,43;0,00%;;14688;14688,0;49,92;0,00%;;14688;14660,9;24,43;0,00%
64lin318_RND_T60_p2;15993;15993;15993,0;55,08;0,00%;;15955;15887,3;66,36;0,24%;;15877;15844,3;30,84;0,73%
80rd400_RND_T60_p2;20090;20090;20056,9;61,10;0,00%;;20043;19938,9;96,18;0,23%;;20015;19804,1;42,72;0,37%
84fl417_RND_T60_p2;20642;20635;20628,2;249,82;0,03%;;20642;20570,2;133,04;0,00%;;20642;20532,2;50,25;0,00%
88pr439_RND_T60_p2;22177;22177;22177,0;133,66;0,00%;;22177;22177,0;180,12;0,00%;;22046;22024,4;53,35;0,59%
89pcb442_RND_T60_p2;22194;22194;22108,3;71,26;0,00%;;22072;21723,6;120,17;0,55%;;22064;21558,4;61,78;0,59%
99d493_RND_T60_p2;24679;24679;24650,3;109,50;0,00%;;24617;24444,8;164,74;0,25%;;24551;24307,9;84,79;0,52%
115rat575_RND_T60_p2;27170;27170;26959,0;85,82;0,00%;;26958;26124,6;167,53;0,78%;;26824;26203,3;95,75;1,27%
115u574_RND_T60_p2;28937;28937;28880,6;96,28;0,00%;;28829;28726,0;263,55;0,37%;;28799;28595,9;117,83;0,48%
131p654_RND_T60_p2;32442;32442;32340,4;459,26;0,00%;;32442;32346,9;432,71;0,00%;;32315;32069,2;155,08;0,39%
132d657_RND_T60_p2;32805;32805;32786,3;179,19;0,00%;;32205;32028,1;328,56;1,83%;;32120;31759,9;156,55;2,09%
145u724_RND_T60_p2;35888;35614;35467,9;163,81;0,76%;;35888;35187,1;395,80;0,00%;;35267;34609,8;200,40;1,73%
157rat783_RND_T60_p2;37357;37357;37010,8;111,70;0,00%;;36610;36017,3;377,99;2,00%;;36518;35703,6;206,81;2,25%
201pr1002_RND_T60_p2;50412;50412;50247,7;403,50;0,00%;;49941;49135,5;1130,68;0,93%;;49552;48575,7;496,69;1,71%
212u1060_RND_T60_p2;53468;53468;53468,0;776,23;0,00%;;53442;53126,9;1577,57;0,05%;;52364;51371,1;564,76;2,06%
217vm1084_RND_T60_p2;54712;54712;54712,0;797,88;0,00%;;54712;54480,9;1569,24;0,00%;;54551;53752,0;660,58;0,29%
11berlin52_RND_T80_p1;51;51;51,0;8,50;0,00%;;51;51,0;0,83;0,00%;;51;51,0;2,36;0,00%
11eil51_RND_T80_p1;50;50;50,0;7,24;0,00%;;50;50,0;0,78;0,00%;;50;50,0;1,49;0,00%
14st70_RND_T80_p1;69;69;69,0;10,79;0,00%;;69;69,0;1,31;0,00%;;69;69,0;2,16;0,00%
16eil76_RND_T80_p1;75;75;75,0;10,72;0,00%;;75;75,0;1,68;0,00%;;75;75,0;2,76;0,00%
16pr76_RND_T80_p1;75;75;75,0;12,08;0,00%;;75;75,0;1,80;0,00%;;75;75,0;1,96;0,00%
20kroA100_RND_T80_p1;99;99;99,0;13,24;0,00%;;99;99,0;3,25;0,00%;;99;99,0;3,41;0,00%
20kroB100_RND_T80_p1;99;99;99,0;14,52;0,00%;;99;99,0;3,34;0,00%;;99;99,0;3,27;0,00%
20kroC100_RND_T80_p1;99;99;99,0;15,10;0,00%;;99;99,0;2,77;0,00%;;99;99,0;3,35;0,00%
20kroD100_RND_T80_p1;99;99;99,0;13,13;0,00%;;99;99,0;3,71;0,00%;;99;99,0;3,50;0,00%
20kroE100_RND_T80_p1;99;99;99,0;13,73;0,00%;;99;99,0;2,95;0,00%;;99;99,0;3,12;0,00%
20rat99_RND_T80_p1;98;98;98,0;14,05;0,00%;;98;98,0;3,47;0,00%;;98;98,0;3,15;0,00%
20rd100_RND_T80_p1;99;99;99,0;13,60;0,00%;;99;99,0;3,19;0,00%;;99;99,0;2,57;0,00%
21eil101_RND_T80_p1;100;100;100,0;14,59;0,00%;;100;100,0;3,85;0,00%;;100;100,0;3,31;0,00%
21lin105_RND_T80_p1;104;104;104,0;13,57;0,00%;;104;104,0;3,42;0,00%;;104;104,0;3,28;0,00%
22pr107_RND_T80_p1;106;106;106,0;14,53;0,00%;;106;106,0;4,17;0,00%;;106;106,0;3,26;0,00%
25pr124_RND_T80_p1;123;123;123,0;14,85;0,00%;;123;123,0;5,50;0,00%;;123;122,6;4,21;0,00%
26bier127_RND_T80_p1;126;126;126,0;20,75;0,00%;;126;126,0;7,33;0,00%;;126;126,0;5,91;0,00%
26ch130_RND_T80_p1;129;129;129,0;17,96;0,00%;;129;129,0;6,27;0,00%;;129;129,0;4,50;0,00%
28pr136_RND_T80_p1;135;135;135,0;16,04;0,00%;;135;135,0;6,86;0,00%;;135;134,9;5,66;0,00%
29pr144_RND_T80_p1;143;143;143,0;21,09;0,00%;;143;143,0;7,60;0,00%;;143;143,0;4,72;0,00%
30ch150_RND_T80_p1;149;149;149,0;20,14;0,00%;;149;149,0;8,72;0,00%;;149;149,0;5,73;0,00%
30kroA150_RND_T80_p1;149;149;149,0;18,38;0,00%;;149;149,0;8,39;0,00%;;149;149,0;5,60;0,00%
30kroB150_RND_T80_p1;149;149;149,0;19,66;0,00%;;149;149,0;9,83;0,00%;;149;149,0;6,29;0,00%
31pr152_RND_T80_p1;151;151;151,0;23,03;0,00%;;151;151,0;9,03;0,00%;;151;151,0;5,08;0,00%
32u159_RND_T80_p1;158;158;158,0;21,14;0,00%;;158;158,0;9,47;0,00%;;158;158,0;6,10;0,00%
39rat195_RND_T80_p1;194;194;194,0;23,86;0,00%;;194;193,0;15,90;0,00%;;194;193,0;9,32;0,00%
40d198_RND_T80_p1;196;196;196,0;32,73;0,00%;;196;196,0;18,76;0,00%;;196;196,0;6,55;0,00%
40kroa200_RND_T80_p1;199;199;199,0;32,63;0,00%;;199;199,0;22,97;0,00%;;199;199,0;10,69;0,00%
40krob200_RND_T80_p1;199;199;199,0;32,61;0,00%;;199;199,0;21,24;0,00%;;199;199,0;10,74;0,00%
45ts225_RND_T80_p1;224;224;224,0;34,58;0,00%;;224;224,0;24,55;0,00%;;224;224,0;11,94;0,00%
45tsp225_RND_T80_p1;224;224;224,0;36,78;0,00%;;224;224,0;24,78;0,00%;;224;224,0;14,22;0,00%
46pr226_RND_T80_p1;225;225;225,0;31,27;0,00%;;225;225,0;21,91;0,00%;;225;225,0;12,69;0,00%
53gil262_RND_T80_p1;261;261;261,0;51,16;0,00%;;261;261,0;51,35;0,00%;;261;260,6;20,19;0,00%
53pr264_RND_T80_p1;263;263;263,0;89,95;0,00%;;263;262,6;57,10;0,00%;;262;262,0;16,55;0,38%
56a280_RND_T80_p1;279;279;279,0;35,49;0,00%;;279;279,0;38,54;0,00%;;279;276,6;22,93;0,00%
60pr299_RND_T80_p1;298;298;298,0;55,32;0,00%;;298;298,0;64,30;0,00%;;298;295,8;27,52;0,00%
64lin318_RND_T80_p1;317;317;317,0;57,59;0,00%;;317;317,0;83,70;0,00%;;317;316,8;31,85;0,00%
80rd400_RND_T80_p1;399;399;399,0;102,15;0,00%;;399;399,0;152,72;0,00%;;399;398,1;40,54;0,00%
84fl417_RND_T80_p1;416;416;416,0;436,19;0,00%;;416;416,0;157,09;0,00%;;416;415,4;51,57;0,00%
88pr439_RND_T80_p1;438;438;438,0;145,14;0,00%;;438;438,0;254,24;0,00%;;438;438,0;48,15;0,00%
89pcb442_RND_T80_p1;441;441;441,0;117,60;0,00%;;441;441,0;187,48;0,00%;;441;440,3;66,32;0,00%
99d493_RND_T80_p1;492;492;492,0;216,12;0,00%;;492;492,0;280,00;0,00%;;491;491,0;84,30;0,20%
115rat575_RND_T80_p1;574;574;574,0;177,18;0,00%;;574;572,0;285,25;0,00%;;568;564,7;118,68;1,05%
115u574_RND_T80_p1;573;573;573,0;204,19;0,00%;;573;573,0;436,19;0,00%;;573;572,5;118,14;0,00%
131p654_RND_T80_p1;653;653;653,0;930,05;0,00%;;653;653,0;557,37;0,00%;;653;653,0;139,04;0,00%
132d657_RND_T80_p1;656;656;656,0;271,87;0,00%;;656;655,6;501,77;0,00%;;655;652,4;182,63;0,15%
145u724_RND_T80_p1;723;723;723,0;300,99;0,00%;;723;723,0;658,26;0,00%;;721;712,2;228,41;0,28%
157rat783_RND_T80_p1;782;782;782,0;459,64;0,00%;;782;781,2;684,39;0,00%;;773;761,0;261,05;1,15%
201pr1002_RND_T80_p1;1001;1001;1001,0;836,03;0,00%;;1001;1001,0;1858,81;0,00%;;996;992,2;547,36;0,50%
212u1060_RND_T80_p1;1059;1059;1059,0;907,05;0,00%;;1059;1059,0;2496,95;0,00%;;1058;1057,3;675,71;0,09%
217vm1084_RND_T80_p1;1083;1083;1083,0;946,07;0,00%;;1083;1083,0;2693,35;0,00%;;1083;1082,2;677,32;0,00%
11berlin52_RND_T80_p2;2608;2608;2608,0;8,38;0,00%;;2608;2608,0;0,82;0,00%;;2608;2608,0;2,35;0,00%
11eil51_RND_T80_p2;2575;2575;2575,0;7,35;0,00%;;2575;2575,0;0,77;0,00%;;2575;2575,0;1,90;0,00%
14st70_RND_T80_p2;3513;3513;3513,0;10,68;0,00%;;3513;3513,0;1,41;0,00%;;3513;3513,0;1,64;0,00%
16eil76_RND_T80_p2;3800;3800;3800,0;10,53;0,00%;;3800;3800,0;1,72;0,00%;;3800;3800,0;2,33;0,00%
16pr76_RND_T80_p2;3800;3800;3800,0;12,10;0,00%;;3800;3800,0;1,85;0,00%;;3800;3800,0;2,01;0,00%
20kroA100_RND_T80_p2;5008;5008;5008,0;13,84;0,00%;;5008;5008,0;3,35;0,00%;;5008;5008,0;3,15;0,00%
20kroB100_RND_T80_p2;5008;5008;5008,0;14,61;0,00%;;5008;5008,0;3,58;0,00%;;5008;5008,0;3,33;0,00%
20kroC100_RND_T80_p2;5008;5008;5008,0;14,54;0,00%;;5008;5008,0;2,95;0,00%;;5008;5008,0;3,24;0,00%
20kroD100_RND_T80_p2;5008;5008;5008,0;13,90;0,00%;;5008;5008,0;3,50;0,00%;;5008;5008,0;3,18;0,00%
20kroE100_RND_T80_p2;5008;5008;5008,0;14,84;0,00%;;5008;5008,0;3,15;0,00%;;5008;5008,0;2,85;0,00%
20rat99_RND_T80_p2;5007;5007;5007,0;14,50;0,00%;;5007;5007,0;3,23;0,00%;;5007;5007,0;3,12;0,00%
20rd100_RND_T80_p2;5008;5008;5008,0;13,12;0,00%;;5008;5008,0;3,25;0,00%;;5008;5008,0;2,44;0,00%
21eil101_RND_T80_p2;5050;5050;5050,0;13,86;0,00%;;5050;5050,0;3,70;0,00%;;5050;5050,0;3,24;0,00%
21lin105_RND_T80_p2;5228;5228;5228,0;14,40;0,00%;;5228;5228,0;3,52;0,00%;;5228;5228,0;1,92;0,00%
22pr107_RND_T80_p2;5363;5363;5363,0;13,44;0,00%;;5363;5363,0;4,03;0,00%;;5363;5363,0;2,82;0,00%
25pr124_RND_T80_p2;6232;6232;6232,0;15,44;0,00%;;6232;6232,0;5,52;0,00%;;6232;6232,0;4,18;0,00%
26bier127_RND_T80_p2;6333;6333;6333,0;21,26;0,00%;;6333;6333,0;7,61;0,00%;;6333;6333,0;5,19;0,00%
26ch130_RND_T80_p2;6503;6503;6503,0;18,55;0,00%;;6503;6503,0;6,55;0,00%;;6503;6503,0;4,28;0,00%
28pr136_RND_T80_p2;6850;6850;6850,0;16,64;0,00%;;6850;6850,0;7,45;0,00%;;6850;6850,0;5,79;0,00%
29pr144_RND_T80_p2;7242;7242;7242,0;20,51;0,00%;;7242;7242,0;9,49;0,00%;;7242;7242,0;4,18;0,00%
30ch150_RND_T80_p2;7533;7533;7533,0;20,71;0,00%;;7533;7533,0;10,34;0,00%;;7533;7533,0;5,42;0,00%
30kroA150_RND_T80_p2;7533;7533;7533,0;19,23;0,00%;;7533;7533,0;8,13;0,00%;;7533;7533,0;5,30;0,00%
30kroB150_RND_T80_p2;7533;7533;7533,0;19,51;0,00%;;7533;7533,0;9,72;0,00%;;7533;7533,0;5,35;0,00%
31pr152_RND_T80_p2;7658;7658;7658,0;22,62;0,00%;;7658;7658,0;9,83;0,00%;;7658;7658,0;4,84;0,00%
32u159_RND_T80_p2;8037;8037;8037,0;21,55;0,00%;;8037;8037,0;10,31;0,00%;;8037;8037,0;5,82;0,00%
39rat195_RND_T80_p2;9863;9863;9863,0;23,17;0,00%;;9863;9854,6;18,56;0,00%;;9863;9837,8;9,29;0,00%
40d198_RND_T80_p2;9952;9952;9952,0;33,04;0,00%;;9952;9952,0;20,71;0,00%;;9952;9952,0;5,90;0,00%
40kroa200_RND_T80_p2;10058;10058;10058,0;32,32;0,00%;;10058;10058,0;22,24;0,00%;;10058;10058,0;10,19;0,00%
40krob200_RND_T80_p2;10058;10058;10058,0;31,94;0,00%;;10058;10058,0;17,47;0,00%;;10058;10058,0;10,64;0,00%
45ts225_RND_T80_p2;11308;11308;11308,0;39,18;0,00%;;11308;11308,0;26,65;0,00%;;11308;11308,0;12,70;0,00%
45tsp225_RND_T80_p2;11308;11308;11308,0;38,65;0,00%;;11308;11308,0;28,39;0,00%;;11308;11308,0;13,56;0,00%
46pr226_RND_T80_p2;11375;11375;11375,0;32,05;0,00%;;11375;11375,0;22,06;0,00%;;11375;11375,0;12,12;0,00%
53gil262_RND_T80_p2;13193;13193;13193,0;57,50;0,00%;;13193;13193,0;45,55;0,00%;;13193;13179,2;19,44;0,00%
53pr264_RND_T80_p2;13302;13302;13302,0;87,98;0,00%;;13302;13274,4;59,36;0,00%;;13210;13210,0;15,57;0,69%
56a280_RND_T80_p2;14178;14178;14178,0;32,50;0,00%;;14178;14162,1;47,97;0,00%;;14178;14079,7;23,83;0,00%
60pr299_RND_T80_p2;15107;15107;15107,0;55,19;0,00%;;15107;15107,0;63,51;0,00%;;15107;15092,5;27,95;0,00%
64lin318_RND_T80_p2;16037;16037;16037,0;61,30;0,00%;;16037;16037,0;80,12;0,00%;;16037;16026,8;30,42;0,00%
80rd400_RND_T80_p2;20158;20158;20158,0;107,21;0,00%;;20158;20158,0;139,52;0,00%;;20158;20135,5;38,28;0,00%
84fl417_RND_T80_p2;21048;21048;21048,0;454,93;0,00%;;21048;21048,0;182,68;0,00%;;21048;21044,7;54,20;0,00%
88pr439_RND_T80_p2;22177;22177;22177,0;137,14;0,00%;;22177;22177,0;233,59;0,00%;;22177;22177,0;47,51;0,00%
89pcb442_RND_T80_p2;22323;22323;22323,0;117,49;0,00%;;22323;22323,0;183,29;0,00%;;22323;22294,5;64,08;0,00%
99d493_RND_T80_p2;24862;24862;24862,0;232,25;0,00%;;24862;24862,0;268,64;0,00%;;24862;24832,5;84,35;0,00%
115rat575_RND_T80_p2;29033;29033;29033,0;154,57;0,00%;;29033;28942,5;270,31;0,00%;;28856;28545,3;115,64;0,61%
115u574_RND_T80_p2;28957;28957;28957,0;211,46;0,00%;;28957;28957,0;425,84;0,00%;;28957;28950,8;122,48;0,00%
131p654_RND_T80_p2;32997;32997;32997,0;1327,59;0,00%;;32997;32997,0;534,84;0,00%;;32997;32997,0;141,35;0,00%
132d657_RND_T80_p2;33188;33188;33188,0;263,79;0,00%;;33188;33181,3;519,49;0,00%;;33121;33005,2;173,52;0,20%
145u724_RND_T80_p2;36532;36532;36532,0;325,98;0,00%;;36532;36532,0;690,59;0,00%;;36444;36274,9;220,06;0,24%
157rat783_RND_T80_p2;39517;39517;39517,0;463,61;0,00%;;39517;39493,9;647,08;0,00%;;39113;38656,5;264,39;1,02%
201pr1002_RND_T80_p2;50583;50583;50583,0;1010,01;0,00%;;50583;50583,0;1850,51;0,00%;;50496;50148,9;547,91;0,17%
212u1060_RND_T80_p2;53548;53548;53548,0;839,06;0,00%;;53548;53548,0;2552,23;0,00%;;53468;53430,1;648,67;0,15%
217vm1084_RND_T80_p2;54712;54712;54712,0;1038,93;0,00%;;54712;54712,0;2827,31;0,00%;;54712;54712,0;653,10;0,00%
